word,ipa,pos,inflections,derivatives,definition,example,collocations,context_type
Ago,/əˈɡoʊ/,adv.,no changes,None,in the past｜在過去,They moved to this small city three years ago.,long ago; a moment ago; years ago,A1
Actress,/ˈæktɹəs/,n.,"actress, actresses",None,"a woman who acts in plays, films, or television shows｜在戲劇、電影或電視節目中表演的女性",My sister wants to be a famous actress one day.,a famous actress; a young actress; a talented actress,A1
Abroad,/əˈbɹɔd/,adv.,no changes,None,to or in a foreign country｜到外國或在國外,My sister wants to study abroad next year.,study abroad; travel abroad; live abroad,A1
Action,/ˈækʃən/,n.,"action, actions","act (v.), actionable (adj.)",something done to achieve a result｜為達到結果而做的事,We need to take action before it is too late.,take action; call to action; action plan,A1
Ability,/əˈbɪləti/,n.,"ability, abilities",None,the quality of being able to perform; a quality that permits or facilitates achievement or accomplishment｜能夠執行的品質；允許或促進成就的品質,She has the ability to learn new things fast.,natural ability; physical ability; intellectual ability,A1
Air,/ˈɛɹ/,n. [U],no changes,airy (adj.),the gas that surrounds the earth and that people breathe｜環繞地球並被人類呼吸的氣體,She opened the window to let fresh air into the room.,fresh air; in the air; clean air,A1
About,/əˈbaʊt/,prep.,no changes,None,on the subject of; approximately; in different directions within a place｜關於；大約；在某地不同方向,We talked about our summer holiday plans last night.,talk about; think about; worry about,A1
Able,/ˈeɪbəl/,adj.,"able, abler, ablest",None,having the power or skill to do something｜有能力或技能做某事,She is able to speak three languages fluently.,be able to; not able to; barely able,A1
After,/ˈæftɚ/,prep.,no changes,None,later in time than something; following behind something or someone; in search of something｜在某事之後；跟隨在某人或某物之後；尋找某物,We walked home together after the movie ended.,day after; look after; soon after,A1
Across,/əˈkɹɔs/,prep.,no changes,None,from one side to the other of something; on the other side of something｜從某物的一側到另一側；在某物的另一側,She walked across the busy street to meet her friend.,come across; across the street; spread across,A1
Above,/əˈbʌv/,prep.,no changes,None,at a higher level or position than something; more than a number or amount｜在比某物更高的位置或水平；多於某個數字或數量,The picture hangs on the wall above my bed.,above all; rise above; above average,A1
Age,/ˈeɪdʒ/,n.,"age, ages",None,how long something has existed｜某物存在的時間長度,He started learning English at the age of five.,at the age of; young age; old age,A1
Animal,/ˈænəməl/,n.,"animal, animals",animalistic (adj.),a living organism characterized by voluntary movement｜以自主運動為特徵的生物,The dog is a friendly animal that loves to play.,wild animal; pet animal; baby animal,A1
All,/ˈɔl/,adv.,no changes,None,"every one of something, or the whole amount｜某物的每一個或全部",They had cut down all the trees.,all day; all right; all over,A1
Again,/əˈɡɛn/,adv.,no changes,None,Another time: indicating a repeat of an action.｜再次；表示重複某個動作,I don't want to ever drink again.,try again; once again; never again,A1
And,/ənd/,conj.,no changes,None,"used to connect two words, phrases, or clauses of the same type; in addition to; as well as｜用於連接兩個相同的詞、片語或從句；除…之外；以及",I bought apples and oranges at the local market.,bread and butter; now and then; back and forth,A1
Along,/əˈlɔŋ/,prep.,no changes,None,moving from one end to the other of something; beside or next to something｜沿著某物從一端到另一端；沿著或靠近某物,We walked along the river on a sunny morning.,come along; went along; along those lines,A1
Almost,/ˈɔˌlmoʊst/,adv.,no changes,None,very close to but not quite; nearly｜非常接近但不完全；幾乎,I almost fell off my bike on the way home.,almost exactly; almost always; almost never,A1
Afraid,/əˈfɹeɪd/,adj.,"afraid, more afraid, most afraid",None,filled with fear or apprehension｜充滿恐懼或擔憂,Most people had warned us to be afraid to travel here.,be afraid; not afraid; afraid of the dark,A1
Also,/ˈɔlsoʊ/,adv.,no changes,None,in addition｜此外,She speaks French and also knows some Spanish.,also known as; but also; also available,A1
Always,/ˈɔˌlweɪz/,adv.,no changes,None,at all times; all the time and on every occasion｜隨時；一直；每次,I've always been extremely confident of that.,almost always; always ready; always there,A1
Although,/ˌɔˈlðoʊ/,conj.,no changes,None,despite the fact that; even though; used to introduce a statement that contrasts with the main clause｜雖然；儘管；用於引導與主要子句對比的陳述,"Although it was raining, we went for a walk.",although true; although difficult; although tired,A1
Afternoon,/ˌæftɚˈnun/,n.,"afternoon, afternoons",None,the part of the day between noon and evening｜中午到傍晚之間的時段；下午,I feel I don't have that afternoon slump.,sunday afternoon; saturday afternoon; in the afternoon,A1
Another,/əˈnʌðɚ/,adj.,no changes,None,one more of the same kind of thing｜另一個；再一個同類的東西,I would like another cup of tea.,another cup; another day; another one,A1
Answer,/ˈænsɚ/,n.,"answer, answers","answerer (n.), answerable (adj.)",a statement (either spoken or written) that is made to reply to a question or request or criticism or accusation｜對問題、請求、批評或指控的回應（口頭或書面）,She gave the correct answer to the teacher's question.,the right answer; correct answer; no answer,A1
Airport,/ˈɛˌɹpɔɹt/,n.,"airport, airports",None,an airfield equipped with control tower and hangars as well as accommodations for passengers and cargo｜設有控制塔和機庫，並提供旅客和貨物設施的機場,We arrived at the airport two hours before our flight.,at the airport; airport security; an international airport,A1
Around,/ɚˈaʊnd/,prep.,no changes,None,on all sides of something; in a circle; approximately; throughout a place｜在周圍；環繞；大約；四處,The children ran around the garden all afternoon.,look around; all around; around the world,A1
Apple,/ˈæpəl/,n.,"apple, apples",None,fruit with red or yellow or green skin and sweet to tart crisp whitish flesh｜表皮呈紅色、黃色或綠色，果肉甜脆多汁的水果,I eat a red apple every morning.,a red apple; apple juice; eat an apple,A1
Any,/ˈɛni/,adj.,no changes,None,one or some or every or all without specification｜任一；一些；每個；全部（不特定）,Do you have any questions about today's lesson?,any time; any more; any sense,A1
Ant,/ˈænt/,n.,"ant, ants",None,a very small insect that lives in large groups in the ground｜一種很小的昆蟲，成群生活在地下,A tiny ant walked across my hand.,a tiny ant; an ant hill; black ants,A1
Area,/ˈɛɹiə/,n.,"area, areas",areal (adj.),"a part of a town, country, or world; a region｜城鎮、國家或世界的某一部分；區域",I've never been in this general area at all.,rural area; local area; specific area,A1
Already,/ɔˈlɹɛdi/,adv.,no changes,None,prior to a specified or implied time｜在指定的或暗示的時間之前,I have already finished my homework.,enough already; already done; already here,A1
Apartment,/əˈpɑɹtmənt/,n.,"apartment, apartments",None,a suite of rooms usually on one floor of an apartment house｜通常位於公寓大樓某一層的一套房間,She rents a small apartment near her school.,apartment building; rent an apartment; small apartment,A1
Act,/ˈækt/,v.,"act, acts, acted, acted, acting","actor (n.), acting (n.), action (n.), actable (adj.), actuate (v.)","to do something; to perform a role in a play, film, or show｜做某事；在戲劇、電影或節目中扮演角色",The children act very well on stage.,act quickly; act responsibly; act on advice,A1
Appear,/əˈpɪɹ/,v.,"appear, appears, appeared, appeared, appearing",appearance (n.),to begin to be seen; to come into sight｜開始被看見；出現,The sun will appear over the hills very soon.,suddenly appear; appear on screen; appear in court,A1
Anything,/ˈɛniˌθɪŋ/,pron.,no changes,None,a thing of any kind; one or more things｜任何種類的東西；一個或多個事物,You can ask me anything you want to know.,anything else; anything like that; hardly anything,A1
Agree,/əˈɡɹi/,v.,"agree, agrees, agreed, agreed, agreeing","agreeable (adj.), agreement (n.)",be in accord; be in agreement｜達成一致；同意,"No, nobody agrees with me on this.",totally agree; generally agree; strongly agree,A1
Arm,/ˈɑɹm/,n.,"arm, arms",armlet (n.),the part of the body from the shoulder to the hand｜從肩膀到手的這段身體,She broke her arm when she fell off the bike.,upper arm; broken arm; robotic arm,A1
Allow,/əˈlaʊ/,v.,"allow, allows, allowed, allowed, allowing","allowable (adj.), allowance (n.)",to let someone do something or let something happen｜允許某人做某事或允許某事發生,My parents allow me to watch TV after dinner.,allow me to; not allowed to; allow people to,A1
Add,/ˈæd/,v.,"add, adds, added, added, adding","adder (n.), addable (adj.), addible (adj.), addition (n.), additive (adj.)",to put something together with something else to make it bigger or more｜將某物與他物放在一起使其變大或變多,Please add some sugar to my tea.,add sugar; add water; add a name,A1
Anyone,/ˈɛniˌwʌn/,pron.,no changes,None,Any person; anybody.｜任何人；任何人,That's a terrible attitude for anyone to have.,tell anyone; ask anyone; anyone else,A1
Attack,/əˈtæk/,n.,"attack, attacks",attacker (n.),a violent action against someone or something｜對某人或某物的暴力行為,The army launched a surprise attack at dawn.,sudden attack; under attack; physical attack,A1
Angry,/ˈæŋɡɹi/,adj.,"angry, angrier, angriest",angriness (n.),feeling or showing anger｜感到或表現憤怒的,Then they get angry and then they lash out.,angry letter; gets angry; feel angry,A1
As,/ˈæz/,prep.,no changes,None,used to say what role or function something has; to the same degree; while; because｜用於表示某物的角色或功能；程度相同；當...時；因為,He works as a teacher at the local primary school.,as well as; such as; as long as,A1
At,/ˈæt/,prep.,no changes,None,used to say where someone or something is; used to say when something happens｜用於表示某人或某物所在的位置；用於表示某事發生的時間,We will meet at the train station around noon.,at some point; at home; looking at,A1
Arrive,/ɚˈaɪv/,v.,"arrive, arrives, arrived, arrived, arriving","arrival (n.), arriver (n.)",reach a destination; arrive by movement or progress｜到達目的地；透過移動或進展到達,We always arrive at school before nine.,arrive home; arrive on time; arrive early,A1
Be,/ˈbi/,v.,"be, is, was, been, being",None,"used to describe what someone or something is, or to show a state or condition｜用於描述某人或某物是什麼，或表示一種狀態",The sky can be very blue on a sunny day.,be careful; be ready; be happy,A1
Art,/ˈɑɹt/,n. [U],no changes,"arty (adj.), artist (n.), artistic (adj.)",the making of beautiful things like paintings and drawings｜創作繪畫等美麗事物的行為,She studies modern art at the city university.,modern art; an art class; works of art,A1
Back,/ˈbæk/,n.,"back, backs","backer (n.), backing (n.)","the part of your body behind you, from your neck to your bottom｜從頸部到臀部的身體部位",My back hurts after the long walk.,a sore back; back pain; lie on your back,A1
Ask,/ˈæsk/,v.,"ask, asks, asked, asked, asking",asker (n.),to say something to someone because you want them to tell you something｜因想要某人告訴你某事而對他們說話,I want to ask my teacher a simple question.,ask a question; ask for help; ask politely,A1
Away,/əˈweɪ/,adv.,no changes,None,to or at a distance from a place or person; not here｜距離某地或某人有一定距離；不在這裡,They think I am running away from my company.,walk away; quite far away; strip away,A1
Band,/ˈbænd/,n.,"band, bands",None,a group of musicians who play together｜一起演奏的音樂家團體,My sister plays guitar in a local rock band.,rock band; local band; girl band,A1
Baby,/ˈbeɪbi/,n.,"baby, babies",babyhood (n.),a very young child (birth to 1 year) who has not yet begun to walk or talk｜還不會走路或說話的嬰幼兒（出生至一歲）,The baby slept peacefully in her mother's arms.,premature baby; a newborn baby; hold the baby,A1
Bad,/ˈbæd/,adj.,"bad, worse, worst",badness (n.),not good; of poor quality or unpleasant｜不好；品質惡劣或令人不愉快的,The weather was very bad on our trip.,a bad idea; bad weather; feel bad,A1
Bat,/ˈbæt/,n.,"bat, bats",None,a small flying mammal that comes out at night｜夜晚出沒的小型飛行哺乳動物,A bat flew out of the old cave at sunset.,vampire bat; fruit bat; baby bat,A1
Baseball,/ˈbeɪˈsbɔl/,n.,"baseball, baseballs",None,a ball game played with a bat and ball between two teams of nine players; teams take turns at bat trying to score runs｜兩支各九名球員的球隊使用球棒和球進行的運動；球隊輪流打擊以嘗試得分,He played baseball every summer as a child.,major league baseball; baseball classic; baseball mitt,A1
Basketball,/ˈbæskəˌtbɔl/,n.,"basketball, basketballs",None,a game in which two teams throw a ball through a high net｜兩隊將球投入高籃框的運動,We play basketball at school every week.,play basketball; a basketball team; a basketball game,A1
Aunt,/ˈænt/,n.,"aunt, aunts",None,the sister of your father or mother; the wife of your uncle｜父親或母親的姊妹；叔伯的妻子,Your aunt came and took care of her.,my aunt; aunt and uncle; great aunt,A1
Bank,/ˈbæŋk/,n.,"bank, banks","banker (n.), banking (n.), bankable (adj.)",a place that keeps and looks after people's money｜保管和管理民眾金錢的機構,My mother went to the bank to get some money.,bank account; local bank; go to the bank,A1
Because,/bɪˈkɔz/,conj.,no changes,None,for the reason that; used to introduce an explanation or cause｜因為；用於引出解釋或原因,She stayed at home because she felt very sick.,because of; just because; because then,A1
Ball,/ˈbɔl/,n.,"ball, balls",None,round object that is hit or thrown or kicked in games｜遊戲中用來擊打、投擲或踢的圓形物體,The children kicked the ball across the field.,soccer ball; yoga ball; small ball,A1
Beautiful,/ˈbjutəfəl/,adj.,"beautiful, more beautiful, most beautiful",None,delighting the senses or exciting intellectual or emotional admiration｜令人愉悅的；令人讚嘆的,It's the beginning of a beautiful friendship.,beautiful woman; beautiful place; absolutely beautiful,A1
Bell,/ˈbɛl/,n.,"bell, bells",None,a hollow device made of metal that makes a ringing sound when struck｜金屬製的中空裝置，敲擊時會發出鈴聲,The bell rings when the lesson is over.,school bell; ring a bell; church bell,A1
Banana,/bəˈnænə/,n.,"banana, bananas",None,a long curved yellow fruit with soft sweet flesh｜長而彎的黃色水果，果肉軟而甜,The monkey ate a long yellow banana.,banana bread; banana peel; banana split,A1
Bath,/ˈbæθ/,n.,"bath, baths",None,a large container filled with water that you wash your body in｜容納水用來清洗身體的大型容器,She had a warm bath before going to bed.,take a bath; bubble bath; bath time,A1
Before,/bɪˈfɔɹ/,prep.,no changes,None,earlier than a particular time or event｜在某個時間或事件之前,I always wash my hands before dinner.,before dinner; the night before; just before,A1
Beach,/ˈbitʃ/,n.,"beach, beaches",None,an area of sand sloping down to the water of a sea or lake｜向海邊或湖邊傾斜的沙地,The children played on the sandy beach all day.,sandy beach; on the beach; beach house,A1
Basket,/ˈbæskət/,n.,"basket, baskets",basketeer (n.),a container that is usually woven and has handles｜通常用編織材料製成並有提手的容器,She put the fresh bread in the basket.,traditional basket; basket case; laundry basket,A1
Bag,/ˈbæɡ/,n.,"bag, bags","bagger (n.), bagging (n.)",a flexible container with a single opening｜單一開口的有彈性容器,She put the groceries in a big bag.,a plastic bag; paper bag; bean bag,A1
Bear,/ˈbɛɹ/,n.,"bear, bears",None,a large strong wild animal with thick fur and sharp claws｜體型強壯、毛皮厚實、爪子銳利的野生動物,A big brown bear lives in the forest.,a brown bear; a polar bear; a teddy bear,A1
Bedroom,/ˈbɛˌdɹum/,n.,"bedroom, bedrooms",None,a room used primarily for sleeping｜主要用來睡覺的房間,You want the bedroom to be cool.,bedroom door; bedroom window; master bedroom,A1
Bed,/ˈbɛd/,n.,"bed, beds",None,a piece of furniture that you sleep on｜用來睡覺的家具,I go to bed early on school nights.,go to bed; make the bed; a comfortable bed,A1
Bee,/ˈbi/,n.,"bee, bees",None,a small flying insect that makes honey and can sting you｜會製造蜂蜜且會叮人的小型飛蟲,A bee flew around the bright flowers.,a busy bee; a honey bee; a bee sting,A1
Become,/bɪˈkʌm/,v.,"become, becomes, became, become, becoming",None,enter or assume a certain state or condition｜進入或呈現某種狀態或條件,I think my kids can become kind.,instantly become; become incredibly popular; eventually become,A1
Begin,/bɪˈɡɪn/,v.,"begin, begins, began, begun, beginning","beginner (n.), beginning (n.)",take the first step or steps in carrying out an action｜執行行動的第一步或最初幾步,The film will begin in five minutes.,begin to; begin with; begin construction,A1
Bathroom,/ˈbæˌθɹum/,n.,"bathroom, bathrooms",None,a room (as in a residence) containing a bathtub or shower and usually a washbasin and toilet｜（如住宅中的）含有浴缸或淋浴設備，通常還有洗臉盆和馬桶的房間,I really need to go to the bathroom.,go to the bathroom; use the bathroom; bathroom door,A1
Below,/bɪˈloʊ/,prep.,no changes,None,at a lower level or position than something; less than a number or amount｜在某物更低的位置或水平；在數量或金額上更少,The temperature dropped below zero late last night.,see below; fall below; just below,A1
Best,/ˈbɛst/,adj.,no changes,None,better than all the others; the very good one｜比所有其他都好的；最優秀的,She is my best friend at school.,the best friend; the best way; do your best,A1
Bean,/ˈbin/,n.,"bean, beans",None,"a seed that you can cook and eat, such as a green bean or kidney bean｜可以烹飪食用的種子，如四季豆或腎形豆",He ate rice and beans for lunch.,green bean; coffee bean; baked beans,A1
Believe,/bɪˈliv/,v.,"believe, believes, believed, believed, believing","belief (n.), believer (n.), believable (adj.)",accept as true; take to be true｜認為是正確的；當作真實的,I believe you can pass the test.,already believe; truly believe; cannot believe,A1
Between,/bɪˈtwin/,prep.,no changes,None,in the space separating two things or people; shared by two parties; at a point in a range｜在...之間；被...共有；處於某範圍內的一點,The shop is between the bank and the post office.,the difference between; travel between; distinguish between,A1
Bite,/ˈbaɪt/,v.,"bite, bites, bit, bitten, biting",biter (n.),"to grip, cut off, or tear with or as if with the teeth or jaws｜用牙齒或頜部咬住、切斷或撕裂","Be careful, the dog might bite your hand.",bite into an apple; bite your hand; bite hard,A1
Behind,/bɪˈhaɪnd/,prep.,no changes,None,at or toward the back of something; after someone in time or order; slower than expected｜在...的後面；在時間或順序上落後；比預期慢,The cat is hiding behind the door.,tech behind; philosophy behind; story behind,A1
Beside,/bɪˈsaɪd/,prep.,no changes,None,next to or at the side of something or someone｜在...旁邊,The cat sat quietly beside the warm open fire.,sits beside; property beside; coexist beside,A1
Block,/ˈblɑk/,n.,"block, blocks","blocky (adj.), blocker (n.), blockage (n.), blocking (n.)",a solid piece of hard material with flat sides｜一塊有平面的堅硬材料,He carved a small duck from a block of wood.,building block; city block; stumbling block,A1
Big,/ˈbɪɡ/,adj.,"big, bigger, biggest",bigness (n.),"large in size, amount, or degree｜大的（指尺寸、數量或程度）",They live in a big house near the park.,a big house; a big city; a big problem,A1
Beef,/ˈbif/,n. [U],no changes,None,the meat from a cow｜牛肉,We had roast beef and potatoes for dinner.,roast beef; ground beef; beef stew,A1
Bench,/ˈbɛntʃ/,n.,"bench, benches",None,a long seat for more than one person｜可容納多人乘坐的長座椅,They sat on a bench in the park.,park bench; wooden bench; on the bench,A1
Belong,/bɪˈlɔŋ/,v.,"belong, belongs, belonged, belonged, belonging",belongings (n.),to be owned by someone｜屬於某人所有,This red bike belongs to my brother.,belong to me; belong here; belong together,A1
Blue,/ˈblu/,adj.,"blue, bluer, bluest",blueness (n.),of the color intermediate between green and violet; having a color similar to that of a clear unclouded sky｜介於綠色和紫色之間的顏色；像晴朗天空的顏色,It will stain your nails blue and your hair blue.,blue sky; dark blue; clear blue,A1
Body,/ˈbɑdi/,n.,"body, bodies",None,"the entire structure of an organism (an animal, plant, or human being)｜整個生物體的結構（動物、植物或人）",My whole body felt tired after the long walk.,human body; whole body; body composition,A1
Bored,/ˈbɔɹd/,adj.,"bored, more bored, most bored",None,feeling tired and unhappy because something is not interesting｜因為無聊而感到疲倦和不開心,The children were bored at home all day.,feel bored; get bored; look bored,A1
Blow,/ˈbloʊ/,v.,"blow, blows, blew, blown, blowing","blowy (adj.), blower (n.), blowing (n.)",exhale hard｜用力呼氣,She blew out all the candles on her birthday cake.,blow out; blow up; blow away,A1
Bike,/ˈbaɪk/,n.,"bike, bikes",None,a vehicle with two wheels that you ride by pushing the pedals｜有兩個輪子的交通工具，用腳踩踏板前進,She rides her bike to school every day.,ride a bike; a new bike; a mountain bike,A1
Bird,/ˈbɝd/,n.,"bird, birds",birder (n.),an animal with feathers and wings that can usually fly｜有羽毛和翅膀、通常會飛的動物,A small bird sang in the tree.,a small bird; a baby bird; a wild bird,A1
Belt,/ˈbɛlt/,n.,"belt, belts",None,a band of leather or cloth that you wear around your waist｜繫在腰間的皮帶或布帶,He wears a brown belt with his jeans.,a leather belt; wear a belt; a seat belt,A1
Brave,/ˈbɹeɪv/,adj.,"brave, braver, bravest",braveness (n.),possessing or displaying courage; able to face and deal with danger or fear without flinching｜擁有或展現勇氣；能夠面對和應對危險或恐懼而不退縮,I don't know if I would have been brave.,incredibly brave; brave step; little brave,A1
Black,/ˈblæk/,adj.,"black, blacker, blackest",blackness (n.),being of the achromatic color of maximum darkness; having little or no hue owing to absorption of almost all incident light｜最暗的無彩色；幾乎吸收所有入射光而幾乎沒有色調,The cat has black fur and white paws.,black hair; black shoes; black coffee,A1
Bow,/ˈbaʊ/,n.,"bow, bows",None,"a knot with two loops, used to tie shoes or as a decoration｜帶有兩個環結的繩結，用於繫鞋或裝飾",She tied her hair with a pretty red bow.,a red bow; tie a bow; a hair bow,A1
Book,/ˈbʊk/,n.,"book, books","booker (n.), booking (n.), booklet (n.), bookable (adj.)",a written work or composition that has been published (printed on pages bound together)｜已出版的作品或文章（裝訂成冊）,She read the whole book in just one day.,first book; read a book; write a book,A1
Blind,/ˈblaɪnd/,adj.,no changes,"blinder (n.), blindness (n.)",not able to see｜看不見的；失明的,The old man was blind and could not read the sign.,go blind; blind eye; blind faith,A1
Boring,/ˈbɔɹɪŋ/,adj.,"boring, more boring, most boring",boringness (n.),not interesting and making you feel tired｜無聊的；令人厭倦的,The movie was so boring that I fell asleep.,a boring movie; a boring day; a boring job,A1
Boat,/ˈboʊt/,n.,"boat, boats","boater (n.), boating (n.)",a small vessel for travel on water｜小船；水上交通工具,We pull our tents off the boat.,fishing boat; a small boat; by boat,A1
Born,/ˈbɔɹn/,adj.,"born, no changes",None,brought into existence｜出生的；誕生的,She was born in a small town in the south.,born and raised; born into; first-born,A1
Box,/ˈbɑks/,n.,"box, boxes","boxy (adj.), boxer (n.), boxing (n.)","a container with four sides and a flat bottom, used to hold things｜盒子；箱子",She put all her toys in the box.,cardboard box; description box; light box,A1
Borrow,/ˈbɑˌɹoʊ/,v.,"borrow, borrows, borrowed, borrowed, borrowing",borrower (n.),get temporarily｜暫時借用,It's an interest rate on borrowed money.,borrow against; borrow heavily; borrow elements,A1
Both,/ˈboʊθ/,adj.,no changes,None,used to refer to two people or things considered together｜兩者；兩人的,Both children enjoy playing in the park after school.,both sides; both hands; both times,A1
Boy,/ˈbɔɪ/,n.,"boy, boys",boyhood (n.),a youthful male person｜男孩；年輕的男性,The boy kicked the ball to his friend.,a young boy; little boy; old boy,A1
Bowl,/ˈboʊl/,n.,"bowl, bowls",bowler (n.),a round vessel that is open at the top; used chiefly for holding food or liquids｜碗；缽,I think you've got two bowls of potatoes.,soup bowl; rice bowl; mixing bowl,A1
Bottle,/ˈbɑtəl/,n.,"bottle, bottles",bottler (n.),a glass or plastic vessel used for storing drinks or other liquids; typically cylindrical without handles and with a narrow neck that can be plugged or capped｜瓶子；玻璃瓶或塑膠瓶,This plastic water bottle is BPA free.,glass bottle; water bottle; a bottle of,A1
Boss,/ˈbɑs/,n.,"boss, bosses",bossy (adj.),the person who is in charge of you at work｜老闆；上司,My boss is kind and helps me with my work.,a good boss; my new boss; ask the boss,A1
Bright,/ˈbɹaɪt/,adj.,"bright, brighter, brightest",brightness (n.),emitting or reflecting light readily or in large amounts｜明亮的；光亮的,The bright lamp lit the entire room.,bright flash; bright sky; bright blue skies,A1
Break,/ˈbɹeɪk/,n.,"break, breaks","breaker (n.), breakage (n.), breakable (adj.)",a short time when you stop working to rest｜休息時間；休息,We took a short break for lunch.,a short break; take a break; a lunch break,A1
Bottom,/ˈbɑtəm/,n.,"bottom, bottoms",None,the lowest part of something｜底部；最下面,My keys were at the bottom of my bag.,the bottom of; at the bottom; bottom shelf,A1
Bus,/ˈbʌs/,n.,"bus, buses",None,a vehicle carrying many passengers; used for public transport｜公車；巴士,I take the bus to school every morning.,catch the bus; a bus stop; miss the bus,A1
Business,/ˈbɪznəs/,n. [U],no changes,None,a commercial or industrial enterprise and the people who constitute it｜商業；企業,My father runs a small business in town.,small business; family business; local business,A1
Busy,/ˈbɪzi/,adj.,"busy, busier, busiest",busyness (n.),having a lot of things to do; not free｜忙碌的；忙的,My mother is very busy at work today.,a busy day; too busy; busy week,A1
Bring,/ˈbɹɪŋ/,v.,"bring, brings, brought, brought, bringing",None,to take something or someone with you to a place｜帶來；攜帶,Please bring your books to class tomorrow.,bring a friend; bring food; bring a gift,A1
Bridge,/ˈbɹɪdʒ/,n.,"bridge, bridges",bridgeable (adj.),a structure that allows people or vehicles to cross an obstacle such as a river or canal or railway etc.｜橋梁；橋,We drove across the bridge to reach the other side of the river.,brooklyn bridge; suspension bridge; cross a bridge,A1
But,/ˈbʌt/,conj.,no changes,None,used to introduce a contrast or exception; however; except｜但是；然而；不過,"I wanted to go out, but it started to rain.",nothing but; but also; all but,A1
Brother,/ˈbɹʌðɚ/,n.,"brother, brothers","brotherly (adj.), brotherhood (n.)",a boy or man who has the same parents as you｜有相同父母的一名男孩或男子,My brother is two years older than me.,my older brother; a little brother; a baby brother,A1
Build,/ˈbɪld/,v.,"build, builds, built, built, building","builder (n.), building (n.)",make by combining materials and parts｜透過組合材料和零件來製作,Many of them built their own PCs anyways.,build a house; build up; build out,A1
Brown,/ˈbɹaʊn/,adj.,"brown, browner, brownest",brownness (n.),of a color similar to that of wood or earth｜類似木材或泥土顏色的,He wore a warm brown coat in winter.,brown feathers; brown shirt; light brown,A1
Car,/ˈkɑɹ/,n.,"car, cars",None,a motor vehicle with four wheels; usually propelled by an internal combustion engine｜有四個輪子的機動車輛；通常由內燃機驅動,I could not find a rental car place.,rental car; drive a car; car park,A1
Breakfast,/ˈbɹɛkfəst/,n.,"breakfast, breakfasts",None,the first meal you eat in the morning｜早上吃的第一餐,I eat eggs and bread for breakfast.,eat breakfast; have breakfast; breakfast time,A1
Bug,/ˈbʌɡ/,n.,"bug, bugs",buggy (adj.),a small insect｜小昆蟲,A small green bug landed on my arm.,a small bug; catch a bug; a tiny bug,A1
Bread,/ˈbɹɛd/,n. [U],no changes,None,food made from dough of flour or meal and usually raised with yeast or baking powder and then baked｜由麵粉或穀物製成的麵糰通常用酵母或泡打粉發酵後烘烤製成的食物,She bought a fresh loaf of bread from the bakery.,since sliced bread; bread basket; bake bread,A1
By,/ˈbaɪ/,prep.,no changes,None,near or next to; using a particular method; before a certain time; through the action of｜在旁邊；使用某種方法；在某個時間之前；透過某人的行為,This long letter was written by my grandmother.,written by; made by; followed by,A1
Call,/ˈkɔl/,v.,"call, calls, called, called, calling","caller (n.), calling (n.), callable (adj.)",to speak to someone on the phone; to shout or say something loudly; to give someone a name｜透過電話與某人交談；大聲喊叫或說話；給某人取名,Please call me when you get home.,phone call; make a call; roll call,A1
Buy,/ˈbaɪ/,v.,"buy, buys, bought, bought, buying","buyer (n.), buying (n.)",to get something by paying money for it｜透過支付金錢來獲得某物,I want to buy a new pair of shoes today.,buy a gift; buy food; buy a ticket,A1
Button,/ˈbʌtən/,n.,"button, buttons",buttony (adj.),a small round thing you push or use to close clothes｜用來按壓或扣緊衣物的小圓形物品,She pushed the button to start the machine.,push a button; press the button; shirt button,A1
Cent,/ˈsɛnt/,n.,"cent, cents",None,a small amount of money; one hundred cents make a dollar｜小額金錢；一百美分等於一美元,This little candy costs only one cent.,ten cents; fifty cents; every cent,A1
Can,/ˈkæn/,v.,no changes,None,to be able to do something｜能夠做某事,My little sister can swim very well now.,can swim; can help; can come,A1
Butter,/ˈbʌtɚ/,n. [U],no changes,buttery (adj.),"a soft, yellow food made from cream that you spread on bread or use in cooking｜由奶油製成的柔軟黃色食品，常塗在麵包上或用於烹飪",She spread butter on a slice of warm fresh bread.,peanut butter; melted butter; spread butter,A1
Careful,/ˈkɛɹfəl/,adj.,"careful, more careful, most careful",carefulness (n.),exercising caution or showing care or attention｜表現出謹慎或關心和注意的,Be careful when you cross the busy road.,careful analysis; bit more careful; be careful,A1
Camp,/ˈkæmp/,n.,"camp, camps","campy (adj.), camper (n.), camping (n.)","a place where people stay in tents for a short time, often outdoors｜人們短期住在帳篷裡的地方，通常在戶外",We set up our tent at the camp by the lake.,summer camp; a camp site; set up camp,A1
Cake,/ˈkeɪk/,n.,"cake, cakes",None,"a sweet baked food made from flour, sugar, and eggs, often with icing on top｜由麵粉、糖和雞蛋製成的甜味烘焙食品，頂部常覆蓋糖霜",She made a chocolate cake for her friend's birthday.,birthday cake; chocolate cake; bake a cake,A1
Camera,/ˈkæmɚə/,n.,"camera, cameras",None,a device that you use to take photos or videos｜用來拍攝照片或影片的裝置,She took a photo of the cat with her camera.,a new camera; a digital camera; use a camera,A1
Care,/ˈkɛɹ/,n.,"care, cares",None,the work of providing treatment for or attending to someone or something｜為他人或某事提供治療或照顧的工作,The nurse showed great care when helping the patient.,take care; health care; medical care,A1
Butterfly,/ˈbʌtɚˌflaɪ/,n.,"butterfly, butterflies",None,"a flying insect with large, colorful wings that flies during the day｜有大型彩色翅膀白天飛翔的昆蟲",The butterflies are swirling off the beach.,butterfly wings; butterfly effect; butterfly stroke,A1
Card,/ˈkɑɹd/,n.,"card, cards",None,"a small, flat piece of thick paper used for sending messages, playing games, or carrying information｜小而薄的紙片，用於傳送訊息、玩遊戲或攜帶資訊",She gave me a birthday card with a kind message inside.,birthday card; greeting card; playing card,A1
Center,/ˈsɛntɚ/,n.,"center, centers","central (adj.), centric (adj.), centering (n.), centrical (adj.)",an area that is approximately central within some larger region｜某個較大區域中約略居中的區域,The shop is in the center of town.,city center; shopping center; community center,A1
Case,/ˈkeɪs/,n.,"case, cases",None,an occurrence of something｜某事的發生或實例,The doctor looked at the patient's case carefully.,worst case; in any case; in this case,A1
Cab,/ˈkæb/,n.,"cab, cabs",None,a taxi; a car that you pay to ride in｜計程車；付費乘坐的汽車,We took a cab to the train station.,cab driver; take a cab; by cab,A1
Change,/ˈtʃeɪndʒ/,n.,"change, changes",changer (n.),an event that occurs when something passes from one state or phase to another｜事物從一種狀態或階段轉變為另一種時所發生的事件,There was a big change in the weather.,change happens; fundamentally change; regime change,A1
Celebrate,/ˈsɛləˌbɹeɪt/,v.,"celebrate, celebrates, celebrated, celebrated, celebrating","celebrant (n.), celebrator (n.), celebration (n.), celebratory (adj.)",to do something enjoyable because of a special or happy event｜因為特別或開心的事而做些愉快的事,We celebrate my birthday with a big cake.,celebrate birthday; celebrate together; celebrate a victory,A1
Child,/ˈtʃaɪld/,n.,"child, children","childly (adj.), childhood (n.)",a young person of either sex｜年輕人（不論性別）,Every child in the class has a book.,young child; every child; child development,A1
Catch,/ˈkætʃ/,v.,"catch, catches, caught, caught, catching","catchy (adj.), catcher (n.), catchment (n.)",to take and hold something that is moving in the air｜接住並握住空中移動的東西,Try to catch the ball with both hands.,catch a ball; catch a bus; catch a fish,A1
Carry,/ˈkæɹi/,v.,"carry, carries, carried, carried, carrying","carrier (n.), carriage (n.)","move while supporting, either in a vehicle or in one's hands or on one's body｜支撐著移動，可在車上、手中或身上",He carried his heavy bag all the way to school.,carry away; carry on; carry water,A1
Check,/ˈtʃɛk/,v.,"check, checks, checked, checked, checking",checker (n.),"examine so as to determine accuracy, quality, or condition｜檢查以確定準確性、品質或狀況",Please check your answers before handing in the test.,double-check; check carefully; check the answer,A1
Circle,/ˈsɝkəl/,n.,"circle, circles","circular (adj.), circulate (v.)",a round shape like a ring｜像戒指一樣的圓形,The children sat in a big circle on the floor.,draw a circle; a big circle; sit in a circle,A1
Certain,/ˈsɝtən/,adj.,"certain, more certain, most certain",None,sure about something; having no doubt｜對某事確定無疑的,I am certain that he will come to the party.,feel certain; quite certain; almost certain,A1
Choice,/ˈtʃɔɪs/,n.,"choice, choices",choiceness (n.),the act of choosing between two or more things｜在兩個或更多事物之間做選擇的行為,You can make your own choice about dinner.,a good choice; make a choice; the best choice,A1
Cap,/ˈkæp/,n.,"cap, caps",None,a tight-fitting headdress｜緊貼頭部的帽子,He wore a blue baseball cap to protect his face from the sun.,baseball cap; wear a cap; wool cap,A1
Chance,/ˈtʃæns/,n.,"chance, chances",chancy (adj.),a possibility due to a favorable combination of circumstances｜由於有利情況而產生的可能性,This is the only chance I have.,better chance; take a chance; by chance,A1
Cat,/ˈkæt/,n.,"cat, cats",catty (adj.),a small animal with soft fur that people keep as a pet｜柔軟毛皮的小動物，人們常當寵物飼養,The little cat is sleeping on my warm bed.,a black cat; a pet cat; feed the cat,A1
Chicken,/ˈtʃɪkən/,n.,"chicken, chickens",None,the flesh of a chicken used for food｜當食物食用的雞肉,We had fried chicken and rice for dinner last night.,fried chicken; chicken soup; chicken eggs,A1
Cheap,/ˈtʃip/,adj.,"cheap, cheaper, cheapest",cheapness (n.),relatively low in price or charging low prices｜價格相對較低或收費較便宜的,The food at the market is very cheap and fresh.,really cheap; cheap goods; cheap models,A1
Chocolate,/ˈtʃɔklət/,n. [U],no changes,None,"a sweet brown food made from cocoa beans, used to make candy, cakes, and drinks｜用可可豆製成的甜棕色食物，用於製作糖果、蛋糕和飲料",The children shared a bar of chocolate after lunch.,dark chocolate; chocolate chip cookies; chocolate coating,A1
Chair,/ˈtʃɛɹ/,n.,"chair, chairs",None,"a seat for one person, with a support for the back｜供一人坐的座位，附有靠背支撐",Please sit in the chair next to the window.,office chair; lawn chair; rocking chair,A1
Cheese,/ˈtʃiz/,n. [U],no changes,None,a solid food prepared from the pressed curd of milk｜以牛奶凝固乳酪製成的固體食物,He likes melted cheese on his hot pasta.,string cheese; cheese sandwich; cream cheese,A1
Close,/ˈkloʊs/,v.,"close, closes, closed, closed, closing","closer (n.), closing (n.), closure (n.), closeness (n.)",to shut something so it is not open｜關閉；使關上,Please close the door when you leave.,close the door; close the window; close your eyes,A1
Carrot,/ˈkæɹət/,n.,"carrot, carrots",carroty (adj.),"a long, orange vegetable that grows under the ground｜一種長形的橙色蔬菜，生長在地下",My rabbit loves to eat a fresh carrot.,a carrot cake; eat a carrot; fresh carrots,A1
Cellphone,/ˈsɛlfoʊn/,n.,"cellphone, cellphones",None,"a hand-held mobile radiotelephone for use in an area divided into small sections, each with its own short-range transmitter/receiver｜手持式行動電話",She left her cellphone on the kitchen table.,a cellphone; cellphone number; on a cellphone,A1
Choose,/ˈtʃuz/,v.,"choose, chooses, chose, chosen, choosing",None,"pick out, select, or choose from a number of alternatives｜挑選；從多個選項中選擇",You may choose one book from the shelf.,choose sides; choose between; choose wisely,A1
City,/ˈsɪti/,n.,"city, cities",None,a large and densely populated urban area; may include several independent administrative districts｜一個大型且人口稠密的城市地區；可能包含數個獨立行政區,It's got many provinces and cities with mayors all competing with each other.,entire city; big city; futuristic city,A1
Church,/ˈtʃɝtʃ/,n.,"church, churches",churchly (adj.),a building where Christian people go to pray｜基督徒祈禱的建築物,We go to the church near our home.,go to church; an old church; a small church,A1
Club,/ˈklʌb/,n.,"club, clubs",clubby (adj.),a group of people who meet regularly to share an interest or activity｜定期聚會以分享興趣或活動的一群人,He plays football for the school club.,sports club; book club; join a club,A1
Clothes,/ˈkloʊðz/,n.,"clothes, no changes",None,clothing in general｜服裝的總稱,She packed warm clothes for the winter trip.,beautiful clothes; sell clothes; normal clothes,A1
Collect,/kəˈlɛkt/,v.,"collect, collects, collected, collected, collecting","collector (n.), collecting (n.), collection (n.), collectible (adj.)",to bring things together into one place｜將東西收集到一個地方,My brother likes to collect old coins.,collect stamps; collect coins; collect money,A1
Clean,/ˈklin/,adj.,"clean, cleaner, cleanest","cleaner (n.), cleaning (n.), cleanness (n.)",not dirty; free from dirt｜不髒的；沒有灰塵的,Please put on a clean shirt for school.,clean clothes; a clean room; clean hands,A1
Clear,/ˈklɪɹ/,adj.,"clear, clearer, clearest","clearing (n.), clearance (n.), clearness (n.)",readily apparent to the mind｜清楚易懂的,The instructions were clear and easy to follow.,quite clear; clear whether; pretty clear,A1
Clerk,/ˈklɝk/,n.,"clerk, clerks","clerical (adj.), clerking (n.), clerkship (n.)","an employee who performs clerical work (e.g., keeps records or accounts)｜處理文書工作的員工（如記錄或帳務）",He was an insurance clerk who wrote at night.,store clerk; patent clerk; bank clerk,A1
Climb,/ˈklaɪm/,v.,"climb, climbs, climbed, climbed, climbing","climber (n.), climbing (n.)",go upward with gradual or continuous progress｜逐漸或持續向上移動,The boys like to climb the big tree.,steep climb; climb a mountain; climb the ladder,A1
Color,/ˈkʌlɚ/,n.,"color, colors","coloring (n.), colorist (n.), colorize (v.), coloration (n.)","what something looks like, such as red, blue, or green｜事物的外觀，如紅、藍或綠",My favorite color is a bright shade of blue.,a bright color; favorite color; a dark color,A1
Computer,/kəmˈpjutɚ/,n.,"computer, computers","compute (v.), computerise (v.), computerize (v.)","a machine you use to work, play games, and go online｜用於工作、玩遊戲和上網的機器",I play games on my computer after school.,use a computer; a new computer; on the computer,A1
Clock,/ˈklɑk/,n.,"clock, clocks",clocking (n.),a timepiece that shows the time of day｜顯示時間的計時器,I looked at the clock and saw it was already ten at night.,alarm clock; mechanical clock; clock app,A1
Coat,/ˈkoʊt/,n.,"coat, coats",coating (n.),an outer garment that has sleeves and covers the body from shoulder down; worn outdoors｜有袖子的外套，從肩膀向下覆蓋身體；戶外穿著,She put on her warm coat before going outside.,fresh coat; red coat; winter coat,A1
Come,/ˈkʌm/,v.,"come, comes, came, come, coming",comer (n.),to move toward a place near the speaker or listener｜朝說話者或聽話者附近的地方移動,Please come to my house after school today.,come here; come home; come back,A1
Common,/ˈkɑmən/,adj.,"common, more common, most common","commonness (n.), commonality (n.)",happening often or found in many places; shared by several people｜經常發生或在許多地方可見的；由數人共享的,Rain is very common in this part of town.,common problem; common language; very common,A1
Coffee,/ˈkɑfi/,n. [U],no changes,None,a beverage consisting of an infusion of ground coffee beans｜咖啡的飲料，由研磨咖啡豆浸泡而成,She drinks a cup of black coffee every morning.,order coffee; coffee farmers; coffee shop,A1
Cloud,/ˈklaʊd/,n.,"cloud, clouds","cloudy (adj.), clouding (n.)","any collection of particles (e.g., smoke or dust) or gases that is visible｜任何可見的顆粒（如煙或灰塵）或氣體的集合",I saw a bright white cloud floating in the clear sky.,white cloud; dark cloud; point cloud,A1
Cost,/ˈkɑst/,n.,"cost, costs",costly (adj.),the amount of money you need to buy or pay for something｜購買或支付某物所需的金額,The cost of the new shoes was very high.,the cost of living; low cost; total cost,A1
Cold,/ˈkoʊld/,adj.,"cold, colder, coldest",coldness (n.),having a low temperature; not warm｜溫度低；不溫暖,The water in the lake was very cold.,cold weather; cold water; freezing cold,A1
Correct,/kɚˈɛkt/,adj.,"correct, more correct, most correct","correction (n.), corrective (adj.), corrigible (adj.), correctness (n.)",right and having no mistakes｜正確且沒有錯誤,Her answer to the math question was correct.,correct answer; the correct way; correct spelling,A1
Copy,/ˈkɑpi/,n.,"copy, copies","copying (n.), copyist (n.)",a reproduction of a written record (e.g. of a legal or school record)｜書面記錄的複製品（如法律或學校記錄）,It's an exact copy of his old one.,exact copy; backup copy; a free copy,A1
Comfortable,/ˈkʌmfɚtəbəl/,adj.,"comfortable, more comfortable, most comfortable",comfortableness (n.),making you feel relaxed and at ease; not causing pain or difficulty｜讓你感到放鬆和舒適；不會造成疼痛或困難,It depends on where you feel comfortable.,feel comfortable; comfortable with; getting comfortable,A1
Cool,/ˈkul/,adj.,"cool, cooler, coolest","cooler (n.), coolant (n.), cooling (n.), coolness (n.)",a little cold; not warm｜有點冷；不溫暖,The water in the lake feels cool and nice.,cool water; a cool day; cool air,A1
Corner,/ˈkɔɹnɚ/,n.,"corner, corners",None,"the point where two streets, walls, or edges meet｜兩條街道、牆壁或邊緣相交的地方",A small shop stands on the corner of my street.,street corner; in the corner; sharp corner,A1
Country,/ˈkʌntɹi/,n.,"country, countries",None,an area of land with its own government and people｜擁有自己的政府和人民的土地區域,My friend comes from a small country far away.,a foreign country; my home country; country in the world,A1
Cookie,/ˈkʊki/,n.,"cookie, cookies",None,a small sweet cake that is flat and round｜扁平圓形的小甜蛋糕,She baked some cookies for the party.,a sweet cookie; eat a cookie; bake cookies,A1
Convenient,/kəˈnvinjənt/,adj.,"convenient, more convenient, most convenient",convenience (n.),suited to your comfort or purpose or needs｜適合你的舒適、目的或需求,This is a really convenient and good way to get it.,incredibly convenient; convenient place; convenient location,A1
Course,/ˈkɔɹs/,n.,"course, courses",coursing (n.),a set of lessons about a subject｜關於一個主題的一系列課程,She is taking a new language course this year.,take a course; language course; online course,A1
Cow,/ˈkaʊ/,n.,"cow, cows",None,an adult female animal kept on a farm for its milk or meat｜在農場飼養的成年雌性動物，用於產奶或肉用,"A cow stood quietly in the field, eating grass.",dairy cow; cow manure; cow milk,A1
Cover,/ˈkʌvɚ/,v.,"cover, covers, covered, covered, covering","coverage (n.), covering (n.), coverlet (n.)",provide with a covering or cause to be covered｜提供覆蓋物或使被覆蓋,She used a cloth to cover the food.,cover the food; cover your eyes; cover with a cloth,A1
Day,/ˈdeɪ/,n.,"day, days",None,"a period of 24 hours, or the time when it is light｜24小時的時段，或天亮的時候",We had a great day at the beach.,every day; a sunny day; the next day,A1
Count,/ˈkaʊnt/,v.,"count, counts, counted, counted, counting","counter (n.), counting (n.), countable (adj.)",determine the number or amount of｜確定數量或金額,The little boy can count to ten.,word count; count on; final count,A1
Cook,/ˈkʊk/,v.,"cook, cooks, cooked, cooked, cooking","cooker (n.), cookery (n.), cooking (n.)",prepare a hot meal｜準備熱餐,My mother cooks a hot meal for us every evening.,cook dinner; cook food; cook eggs,A1
Cup,/ˈkʌp/,n.,"cup, cups",cupping (n.),a small open container usually used for drinking; usually has a handle｜通常用於飲用的小型開放容器，通常有把手,I'm using my coffee cup from earlier.,a cup of coffee; paper cup; measuring cup,A1
Couch,/ˈkaʊtʃ/,n.,"couch, couches",None,an upholstered seat for more than one person｜可供多人坐的軟墊座椅,"After dinner, we sat on the couch and watched a film.",couch potato; on the couch; sit on a couch,A1
Dangerous,/ˈdeɪndʒɚəs/,adj.,"dangerous, more dangerous, most dangerous","danger (n.), dangerousness (n.)",involving or causing danger or risk; liable to hurt or harm｜涉及或造成危險或風險的；可能造成傷害的,"This is very powerful, but it is also dangerous.",very dangerous; quite dangerous; dangerous situation,A1
Cross,/ˈkɹɔs/,v.,"cross, crosses, crossed, crossed, crossing","crossing (n.), crossness (n.)",travel across or pass over｜穿越；走過,Be careful when you cross the road.,cross the street; cross the road; cross a bridge,A1
Date,/ˈdeɪt/,n.,"date, dates",None,a particular day of the month or year｜日期；日子,Please write the date on your homework.,today's date; the date of; a special date,A1
Cut,/ˈkʌt/,v.,"cut, cuts, cut, cut, cutting","cutter (n.), cutting (n.)",separate with or as if with an instrument｜用工具分開或切開,She used scissors to cut the paper into small pieces.,cut costs; cut down; cut in half,A1
Dark,/ˈdɑɹk/,adj.,"dark, darker, darkest",darkness (n.),with little or no light｜黑暗的；光線很少的,The room was very dark at night.,a dark room; dark sky; very dark,A1
Deal,/ˈdil/,n.,"deal, deals","dealer (n.), dealing (n.), dealings (n.)","an agreement to buy, sell, or do something｜交易；協議",We made a good deal at the shop.,a good deal; make a deal; a fair deal,A1
Cousin,/ˈkʌzən/,n.,"cousin, cousins",cousinly (adj.),the child of your aunt or uncle｜堂/表兄弟姐妹,My cousin and I play together every summer.,my cousin; close cousin; visit my cousin,A1
Death,/ˈdɛθ/,n. [U],no changes,deathly (adj.),the event of dying or departure from life｜死亡；離開人世的事件,The death of the old tree made the children sad.,death cults; death penalty; own death,A1
Daughter,/ˈdɔtɚ/,n.,"daughter, daughters",daughterly (adj.),a person's female child｜女兒,They have one son and one daughter.,my daughter; a young daughter; their daughter,A1
Dead,/ˈdɛd/,adj.,no changes,deadness (n.),no longer having or seeming to have or expecting to have life｜死亡的；無生命的,The old plant in the pot is dead.,dead ends; walking dead; dead before,A1
Decide,/dɪˈsaɪd/,v.,"decide, decides, decided, decided, deciding","deciding (n.), decision (n.), decisive (adj.)","reach, make, or come to a decision about something｜決定；做出決定",They could decide not to use it.,decide to go; finally decide; make a decision,A1
Cry,/ˈkɹaɪ/,v.,"cry, cries, cried, cried, crying",crying (n.),to produce tears from your eyes because you are sad or in pain; to weep｜哭泣；流淚,The tired child began to cry when his mother left the room.,start to cry; cry out; cry for help,A1
Crazy,/ˈkɹeɪzi/,adj.,"crazy, crazier, craziest","craze (n.), craziness (n.)","very silly, strange, or hard to believe｜瘋狂的；荒謬的",My little brother has a crazy idea about flying cars.,a crazy idea; crazy about something; go crazy,A1
Dance,/ˈdæns/,v.,"dance, dances, danced, danced, dancing","dancer (n.), dancing (n.)",move in a graceful and rhythmical way｜跳舞；以優美有節奏的方式移動,I come out and dance and I don't stop.,dance floor; dance routine; dance queen,A1
Difficult,/ˈdɪfəkəlt/,adj.,"difficult, more difficult, most difficult",difficultness (n.),not easy; requiring great physical or mental effort to accomplish or comprehend or endure｜困難的；不容易的；需要極大努力或心智的,"This is going to be difficult, I think.",incredibly difficult; very difficult; more difficult,A1
Define,/dɪˈfaɪn/,v.,"define, defines, defined, defined, defining","definition (n.), definitive (adj.)",determine the essential quality of｜定義；確定本質,Can you define this new word for me?,define themselves; clearly define; define the term,A1
Cute,/ˈkjut/,adj.,"cute, cuter, cutest",cuteness (n.),pretty and attractive in a small or charming way｜可愛的；小巧迷人的,The little kitten is really cute.,a cute baby; really cute; look cute,A1
Deep,/ˈdip/,adj.,"deep, deeper, deepest",deepness (n.),relatively deep or strong; affecting one deeply｜深的；深刻的,The river here is very wide and deep.,deep understanding; deep neural networks; deep rest,A1
Dictionary,/ˈdɪkʃəˌnɛɹi/,n.,"dictionary, dictionaries",None,a reference book containing an alphabetical list of words with information about them｜詞典；字典,I looked up the word in my dictionary.,online dictionary; dictionary learning; global dictionary,A1
Different,/ˈdɪfɚənt/,adj.,"different, more different, most different","differ (v.), difference (n.)",not the same as another person or thing｜不同的；不一樣的,My new school is very different.,very different; a different way; completely different,A1
Do,/ˈdu/,v.,"do, does, did, done, doing",None,to perform an action or activity; to carry out a task｜執行行動或活動；執行任務,What do you usually do after school?,do homework; do well; do a task,A1
Die,/ˈdaɪ/,v.,"die, dies, died, died, dying",None,pass from physical life and lose all bodily attributes and functions necessary to sustain life｜失去生命；死亡,Many plants die if they do not receive enough water.,never die; die young; die out,A1
Door,/ˈdɔɹ/,n.,"door, doors",None,a swinging or sliding barrier that will close the entrance to a room or building or vehicle｜門；門扇；車門,Please close the door when you leave the room.,front door; sliding door; exterior door,A1
Dog,/ˈdɔɡ/,n.,"dog, dogs",None,a common pet animal that barks and is often kept in homes as a companion｜狗,My little dog follows me everywhere I go.,little dog; pet dog; guide dog,A1
Down,/ˈdaʊn/,adv.,"down, no changes","downy (adj.), downer (n.)",spatially or metaphorically from a higher to a lower level or position｜向下；在下方,She sat down on the bench to rest her legs.,break down; down here; stepped down,A1
Dish,/ˈdɪʃ/,n.,"dish, dishes",dishy (adj.),a piece of dishware normally used as a container for holding or serving food｜盤子；碟子；盤狀物,We studied fat cells in a petri dish.,satellite dish; main dish; a side dish,A1
Dress,/ˈdɹɛs/,n.,"dress, dresses","dressy (adj.), dresser (n.), dressing (n.)",a one-piece garment for a woman; has skirt and bodice｜連衣裙,She wore a long blue dress to the party.,dress rehearsal; great dress; wear a dress,A1
Dig,/ˈdɪɡ/,v.,"dig, digs, dug, dug, digging","digger (n.), digging (n.)",to make a hole in the ground by moving earth away｜挖；挖掘,The children like to dig in the sand.,dig a hole; dig in the garden; dig deep,A1
Desk,/ˈdɛsk/,n.,"desk, desks",None,a piece of furniture with a writing surface and usually drawers or other compartments｜書桌；辦公桌,This is the mug that's on her desk.,at my desk; office desk; desk clerk,A1
Dear,/ˈdɪɹ/,adj.,"dear, dearer, dearest",dearness (n.),dearly loved｜親愛的；心愛的,She is a very dear friend of mine.,my dear; dear friend; dear life,A1
Dollar,/ˈdɑlɚ/,n.,"dollar, dollars",None,the money used in the United States and some other countries｜美元,The book costs ten dollars at the store.,a dollar bill; spend dollars; save dollars,A1
Dinner,/ˈdɪnɚ/,n.,"dinner, dinners",None,the main meal of the day served in the evening or at midday｜晚餐；正餐,I want to go and eat dinner with somebody.,thanksgiving dinner; dinner table; family dinner,A1
Doll,/ˈdɑl/,n.,"doll, dolls",None,"a small toy that looks like a person, often a baby or child｜玩偶；娃娃",The little girl carries her doll everywhere.,a pretty doll; play with a doll; a baby doll,A1
Draw,/ˈdɹɔ/,v.,"draw, draws, drew, drawn, drawing","drawee (n.), drawer (n.), drawing (n.)",to make a picture using a pen or pencil｜畫；描繪,I like to draw pictures of animals.,draw a picture; draw a map; learn to draw,A1
Dream,/ˈdɹim/,n.,"dream, dreams","dreamy (adj.), dreamer (n.), dreaming (n.)",a series of mental images and emotions occurring during sleep｜夢；夢境,I had a strange dream about flying over the city last night.,bad dream; vivid dream; have a dream,A1
Drop,/ˈdɹɑp/,v.,"drop, drops, dropped, dropped, dropping","droplet (n.), dropper (n.)",let fall to the ground｜落下；使掉落,Be careful not to drop the glass.,drop off; drop by; temperature drop,A1
Each,/ˈitʃ/,adj.,no changes,None,"every one of two or more people or things, considered separately｜每個；各自",Each student received a new notebook.,each person; each day; each of them,A1
Drive,/ˈdɹaɪv/,v.,"drive, drives, drove, driven, driving","driver (n.), driving (n.)",to control a car or other vehicle and make it move｜駕駛,My father drives to work every morning.,drive a car; drive carefully; drive home,A1
Dirty,/ˈdɝti/,adj.,"dirty, dirtier, dirtiest","dirt (n.), dirtying (n.), dirtiness (n.)",soiled or likely to soil with dirt or grime｜骯髒的；髒的,His hands were dirty after working in the garden.,dirty cars; dirty laundry; dirty hands,A1
Dozen,/ˈdʌzən/,n.,"dozen, dozens",None,the cardinal number that is the sum of eleven and one｜十二個,She bought a dozen eggs at the market.,a dozen eggs; half a dozen; a dozen times,A1
Doc,/ˈdɑk/,n.,"doc, docs",None,a licensed medical practitioner｜有執照的醫師,The doc told him to rest for a few days.,see a doc; ask the doc; family doc,A1
Dry,/ˈdɹaɪ/,adj.,"dry, drier, driest",dryness (n.),not wet; without any water on it｜不濕的；沒有水分的,"The towel is dry now, so you can use it.",dry clothes; dry skin; dry towel,A1
During,/ˈdʊɹɪŋ/,prep.,no changes,None,throughout the whole of a period of time; at some point within a period of time｜在...期間；在...期間的某個時刻,We visited many old museums during our long trip.,during training; during the day; during the meeting,A1
Driver,/ˈdɹaɪvɚ/,n.,"driver, drivers",drive (v.),the operator of a motor vehicle｜機動車輛的駕駛員,The bus driver waited for the late student.,main driver; better driver; primary driver,A1
Early,/ˈɝli/,adj.,"early, earlier, earliest",earliness (n.),at or near the beginning of a period of time or course of events or before the usual or expected time｜在時間或事件開始之時或接近開始之時；在預期時間之前,We caught the early train to the city.,early morning; arrive early; wake up early,A1
Drink,/ˈdɹɪŋk/,v.,"drink, drinks, drank, drunk, drinking","drinker (n.), drinking (n.)",to take liquid into your mouth and swallow it｜將液體放入口中並吞下,You should drink a lot of water every day.,drink water; drink milk; drink coffee,A1
Eraser,/ɪˈɹeɪsɚ/,n.,"eraser, erasers",erase (v.),an implement used to erase something｜用來擦除東西的工具,She used an eraser to fix her mistake.,a pencil eraser; use an eraser; a rubber eraser,A1
Eat,/ˈit/,v.,"eat, eats, ate, eaten, eating","eater (n.), eating (n.)",to put food in your mouth and swallow it｜將食物放入口中並吞下,We eat dinner together every night.,eat breakfast; eat too much; eat healthy food,A1
Ear,/ˈiɹ/,n.,"ear, ears",None,the sense organ for hearing and equilibrium｜聽覺和平衡的感覺器官,The rabbit has two long ears.,left ear; inner ear; ear canal,A1
East,/ˈist/,n.,"east, easts",None,the cardinal compass point that is at 90 degrees｜方位羅盤上90度的方向；東方,The sun comes up in the east each day.,near east; east coast; the middle east,A1
Earth,/ˈɝθ/,n.,"earth, earths","earthy (adj.), earthly (adj.), earthing (n.), earthling (n.)",the 3rd planet from the sun; the planet we live on｜距離太陽第三遠的行星；我們居住的星球,We must keep our earth clean and green.,planet earth; rare earth; future earth,A1
Duck,/ˈdʌk/,n.,"duck, ducks","ducking (n.), duckling (n.)",a water bird with short legs and a wide flat beak｜腿短、嘴寬扁的水鳥,The children fed bread to the ducks.,a baby duck; feed the ducks; a wild duck,A1
Drum,/ˈdɹʌm/,n.,"drum, drums","drummer (n.), drumming (n.)",a musical percussion instrument; usually consists of a hollow cylinder with a membrane stretched across each end｜一種打擊樂器；通常由空心圓筒和兩端緊繃的薄膜組成,She plays the drum in the school band.,bang the drum; bass drum; drum roll,A1
End,/ˈɛnd/,n.,"end, ends",ending (n.),either extremity of something that has length｜有長度之物體的任一端,She walked to the end of the street.,the end; in the end; at the end,A1
Either,/ˈiðɚ/,adv.,no changes,None,used after a negative to add another negative statement; also｜用於否定句後再加一個否定陳述；也,You don't have much dream sleep either.,either way; either side; either one,A1
Engineer,/ˈɛndʒəˈnɪɹ/,n.,"engineer, engineers","engine (n.), engineering (n.)",a person who uses scientific knowledge to solve practical problems｜運用科學知識解決實際問題的人,My uncle is an engineer who builds roads and bridges.,reverse engineer; brilliant engineer; incredible engineer,A1
Else,/ˈɛls/,adv.,no changes,None,in addition to or instead of someone or something already mentioned; otherwise｜除了或取代已提及的人或事物；否則,Is there anything else you would like to buy?,anywhere else; or else; what else,A1
Easy,/ˈizi/,adj.,"easy, easier, easiest",None,posing no difficulty; requiring little effort｜不構成困難；不需費力,This game is very easy to play.,really easy; extremely easy; quite easy,A1
Egg,/ˈɛɡ/,n.,"egg, eggs",None,a round food from a hen that we cook and eat｜我們烹飪食用的圓形雞蛋,I eat a boiled egg for breakfast every morning.,a fried egg; boil an egg; egg shell,A1
Everything,/ˈɛvɹiˌθɪŋ/,pron.,no changes,None,All the things under discussion.｜所有討論的事物,She checked that everything was ready before they left.,everything else; everything ready; almost everything,A1
Evening,/ˈivnɪŋ/,n.,"evening, evenings",None,the time at the end of the day before you go to bed｜一天結束就寢前的時段；傍晚,We watch a movie every evening after dinner.,in the evening; good evening; a quiet evening,A1
Enough,/ɪˈnʌf/,adv.,no changes,None,as much as needed; sufficient｜足夠的；充足的,He's been kicked out of enough places.,fortunate enough; enough money; sure enough,A1
Enter,/ˈɛntɚ/,v.,"enter, enters, entered, entered, entering",entering (n.),to come or go into｜進入,We haven't even entered the park yet.,enter the room; enter mass production; enter here,A1
Enjoy,/ɛˈndʒɔɪ/,v.,"enjoy, enjoys, enjoyed, enjoyed, enjoying","enjoyer (n.), enjoyment (n.)",to get pleasure from something｜從某事物獲得樂趣,I really enjoy reading books in the evening.,enjoy the party; enjoy your meal; enjoy music,A1
Elephant,/ˈɛləfənt/,n.,"elephant, elephants",None,a very large gray animal with a long nose called a trunk and large ears｜一種大型灰色動物，有長鼻（象鼻）和大耳朵,I would love to see some elephants.,elephant trunk; baby elephant; wild elephant,A1
Every,/ˈɛvɚi/,adj.,no changes,None,each one of a group of people or things｜每一個,She goes for a walk every morning.,every day; every time; every year,A1
Email,/iˈmeɪl/,n.,"email, emails",None,a message that you send to someone using the internet｜使用網路傳送給他人的訊息,She sent me an email about the meeting.,send an email; write an email; read an email,A1
Expect,/ɪkˈspɛkt/,v.,"expect, expects, expected, expected, expecting","expectant (adj.), expectancy (n.), expectation (n.)",regard something as probable or likely｜預期；期望,We expect rain later in the day.,fully expect; what to expect; as expected,A1
Example,/ɪˈɡzæmpəl/,n.,"example, examples",None,an item of information that is typical of a class or group｜典型的事物；例子,Can you give me an example of a verb?,best example; concrete example; favorite example,A1
Even,/ˈivɪn/,adv.,no changes,evenness (n.),used as an intensive especially to indicate something unexpected｜甚至（加強語氣，表示出乎意料）,The room was so quiet that you could even hear a pin drop.,even though; even more; even now,A1
Error,/ˈɛɹɚ/,n.,"error, errors",err (v.),a wrong action attributable to bad judgment or ignorance or inattention｜錯誤；過失,There was a small error in my homework.,category error; error checking; minor factual error,A1
Envelope,/ˈɛnvəˌloʊp/,n.,"envelope, envelopes",None,a flat paper container used to put a letter in before you send it｜裝信用的扁平紙質容器；信封,"I was avoiding finances, bills, envelopes, you name it.",push the envelope; sealed envelope; manila envelope,A1
Except,/ɪˈksɛpt/,prep.,no changes,exception (n.),not including; apart from; but for the fact that｜除了；除...之外,Everyone came to the party except my brother.,except for; everyone except; nothing except,A1
Ever,/ˈɛvɚ/,adv.,no changes,None,at any time｜曾經；在任何時候,Have you ever eaten this kind of fruit before?,ever since; hardly ever; the best ever,A1
Excited,/ɪˈksaɪtəd/,adj.,"excited, more excited, most excited",None,feeling very happy and eager about something｜感到非常高興和渴望的,I am mind blown and I'm very excited.,get excited; excited about; feel excited,A1
Excellent,/ˈɛksələnt/,adj.,"excellent, more excellent, most excellent","excel (v.), excellence (n.), excellency (n.)",very good; of the highest quality｜極好的；品質最高的,The food at the small shop was excellent.,excellent work; excellent job; excellent agreement,A1
Exercise,/ˈɛksɚˌsaɪz/,n.,"exercise, exercises","exerciser (n.), exercising (n.)",the activity of exerting your muscles in various ways to keep fit｜透過各種方式運動肌肉以保持健康的活動,The general story is exercise is really important for the brain.,regular exercise; physical exercise; daily exercise,A1
Exciting,/ɪˈksaɪtɪŋ/,adj.,"exciting, more exciting, most exciting",None,making you feel happy and interested｜讓人感到快樂和感興趣的,The football game was very exciting to watch.,an exciting game; exciting news; an exciting trip,A1
Expensive,/ɪkˈspɛnsɪv/,adj.,"expensive, more expensive, most expensive","expend (v.), expensiveness (n.)",high in price or charging high prices｜價格高的；收費高的,This new phone is too expensive for me.,too expensive; incredibly expensive; more expensive,A1
Face,/ˈfeɪs/,n.,"face, faces",None,the front of the human head from the forehead to the chin and ear to ear｜人臉前部，從額頭到下巴，耳朵到耳朵,She washed her face with warm water.,save face; straight face; face to face,A1
Fact,/ˈfækt/,n.,"fact, facts",None,a piece of information about circumstances that exist or events that have occurred｜事實；客觀存在的事物或已發生的事件的資訊,"In fact, we talked about it earlier.",in fact; matter of fact; cold hard fact,A1
Experience,/ɪkˈspɪɹiəns/,n. [U],no changes,"experient (adj.), experiential (adj.)",knowledge or skill that you get from doing something｜從做事中獲得的知識或技能,He has a lot of experience in teaching children.,work experience; a lot of experience; past experience,A1
Explain,/ɪksˈpleɪn/,v.,"explain, explains, explained, explained, explaining","explanation (n.), explanatory (adj.)",to make something clear or easy to understand｜使某事物清楚或易於理解,The teacher will explain the new word to us.,explain the rules; explain a problem; explain clearly,A1
Fall,/ˈfɔl/,v.,"fall, falls, fell, fallen, falling",faller (n.),to move down to the ground from a higher place｜從高處向地面移動,The leaves fall from the trees in autumn.,fall down; fall over; fall asleep,A1
Eye,/ˈaɪ/,n.,"eye, eyes",eyelet (n.),one of the two parts of your face that you use to see｜臉上的兩個視覺器官之一，用來看東西,The little baby has big blue eyes.,close your eyes; blue eyes; open your eyes,A1
Family,/ˈfæməli/,n.,"family, families",familial (adj.),"a group of people who are related, such as parents and children｜有親屬關係的人群，如父母和子女",My family eats dinner together every evening.,a big family; family member; happy family,A1
Fast,/ˈfæst/,adj.,"fast, faster, fastest",fastness (n.),acting or moving or capable of acting or moving quickly｜動作迅速或能夠快速移動的,The fast car passed by in a second.,fast food; fast rate; hold fast,A1
Fail,/ˈfeɪl/,v.,"fail, fails, failed, failed, failing","failing (n.), failure (n.)",fail to do something; leave something undone｜未能做某事；未完成某事,They failed because they wouldn't change fast enough.,fail miserably; fail to do; never fail,A1
Few,/ˈfju/,adj.,"few, fewer, fewest",fewness (n.),a small number of something; not many｜數量不多；少量,Only a few students passed the difficult final exam.,last few; few years ago; next few,A1
Factory,/ˈfæktɚi/,n.,"factory, factories",None,a plant consisting of one or more buildings with facilities for manufacturing｜具有製造設施的建築物或建築群,My uncle works in a car factory.,factory worker; old factory; car factory,A1
Far,/ˈfɑɹ/,adv.,"far, farther, farthest",farness (n.),at or to a great distance; to a considerable degree｜在很遠的距離；達到相當程度,The school is not far from my house.,so far; far back; far away,A1
Famous,/ˈfeɪməs/,adj.,"famous, more famous, most famous",None,widely known and esteemed｜廣為人知並受敬重的,Many of them end up almost as famous as their father.,famous example; famous quote; famous study,A1
Fan,/ˈfæn/,n.,"fan, fans",fandom (n.),a machine that moves the air to make you feel cooler｜使空氣流動讓人感到涼爽的機器,We turned on the fan because the room was hot.,turn on the fan; an electric fan; a ceiling fan,A1
Finally,/ˈfaɪnəli/,adv.,"finally, no changes",None,after an unspecified period of time or an especially long delay｜在經過一段不確定的時間或特別長的延遲之後,"After a long wait, the bus finally came.",finally ready; finally arrived; finally decided,A1
Farm,/ˈfɑɹm/,n.,"farm, farms","farmer (n.), farming (n.)",workplace consisting of farm buildings and cultivated land as a unit｜由農場建築和耕地組成的生產單位,Maybe I could give the farm report.,a family farm; organic farm; small farm,A1
Festival,/ˈfɛstəvəl/,n.,"festival, festivals",None,a special day or time when people celebrate something｜人們慶祝的特殊日子或時期,People sing and dance at the music festival.,a music festival; a film festival; food festival,A1
Feel,/ˈfil/,v.,"feel, feels, felt, felt, feeling","feeler (n.), feeling (n.), feelings (n.)",undergo an emotional sensation or be in a particular state of mind｜經歷情感或處於某種心理狀態,I feel happy when I play with my friends.,feel pain; feel anxious; feel better,A1
Fat,/ˈfæt/,adj.,"fat, fatter, fattest","fatty (adj.), fatness (n.)",having a lot of flesh on the body; weighing too much｜身上肉很多；體重過重的,The cat is very fat because it eats too much.,a fat cat; get fat; too fat,A1
Farmer,/ˈfɑɹmɚ/,n.,"farmer, farmers","farm (v.), farmerette (n.)",a person who operates a farm｜經營農場的人,A farmer wouldn't really care about that.,local farmer; small farmer; wheat farmer,A1
Finish,/ˈfɪnɪʃ/,v.,"finish, finishes, finished, finished, finishing","finisher (n.), finishing (n.)",come or bring to a finish or an end｜完成或結束,I need to finish my homework before dinner.,finish line; finish school; finish work,A1
Film,/ˈfɪlm/,n.,"film, films","filmy (adj.), filming (n.)",a form of entertainment that enacts a story by sound and a sequence of images giving the illusion of continuous movement｜一種娛樂形式，透過聲音和一系列影像來呈現故事，給予連續動作的錯覺,We watched a funny film last night.,film industry; a short film; a great film,A1
Father,/ˈfɑðɚ/,n.,"father, fathers",fatherly (adj.),a male parent｜男性家長,My father drives me to school every morning.,my father; a loving father; father and son,A1
Fight,/ˈfaɪt/,v.,"fight, fights, fought, fought, fighting","fighter (n.), fighting (n.)",be engaged in a fight; carry on a fight｜參與戰鬥；進行戰鬥,The two dogs began to fight over a bone.,fight over; fight back; fight for,A1
Fire,/ˈfaɪɚ/,n. [U],no changes,None,flames and heat that burn things and can cause damage｜燃燒並能造成損害的火焰和熱,We sat near the warm fire all evening.,set fire; catch fire; open fire,A1
Feed,/ˈfid/,v.,"feed, feeds, fed, fed, feeding","feeder (n.), feeding (n.)",provide as food｜提供作為食物,I feed my cat twice every day.,feed into; feed the animals; feed the baby,A1
Fill,/ˈfɪl/,v.,"fill, fills, filled, filled, filling","filler (n.), filling (n.)","make full, also in a metaphorical sense｜使充滿，也用於比喻義",Please fill the glass with cold water.,fill up; fill in; fill any gaps,A1
For,/ˈfɔɹ/,prep.,no changes,None,"used to show purpose, reason, or the intended recipient; in support of; because of a reason｜用於表示目的、理由或預定對象；支持；因為某個原因",I bought a small present for my younger sister.,for now; for sure; for example,A1
Find,/ˈfaɪnd/,v.,"find, finds, found, found, finding","finder (n.), finding (n.)","come upon, as if by accident; meet with｜偶然發現；遇到",He looked everywhere but could not find his keys.,find out; find a way; find something,A1
Flower,/ˈflaʊɚ/,n.,"flower, flowers","flowery (adj.), flowering (n.)",a plant cultivated for its blooms or blossoms｜為其花朵而栽培的植物,She put a red flower in a vase on the table.,flower garden; flower blooms; wild flowers,A1
File,/ˈfaɪl/,n.,"file, files",filer (n.),a set of related records (either written or electronic) kept together｜存放在一起的一組相關記錄（書面或電子）,She put the paper in a blue file.,open a file; save a file; paper file,A1
Fine,/ˈfaɪn/,adj.,"fine, finer, finest",fineness (n.),good or well; healthy and happy｜好的或健康的；身體健康且快樂的,"I feel fine today, thank you for asking.",feel fine; a fine day; just fine,A1
Floor,/ˈflɔɹ/,n.,"floor, floors",None,"the inside lower horizontal surface (as of a room, hallway, tent, or other structure)｜室內下方水平面（如房間、走廊、帳篷或其他結構）",The children sat on the floor to play a game.,ground floor; top floor; dance floor,A1
First,/ˈfɝst/,n. [U],no changes,None,the first or highest in an ordering or series｜排列或系列中的第一個或最高者,She was the first student to arrive in class today.,first time; at first; first place,A1
Food,/ˈfud/,n. [U],no changes,None,any substance that can be metabolized by an animal to give energy and build tissue｜任何可被動物代謝以提供能量並構建組織的物質,There was plenty of good food at the wedding.,own food; health food; unlimited food,A1
Finger,/ˈfɪŋɡɚ/,n.,"finger, fingers",fingering (n.),one of the four long parts at the end of the hand｜手末端的四個長部分之一,She pointed her finger at the map.,ring finger; index finger; little finger,A1
Foreigner,/ˈfɔɹənɚ/,n.,"foreigner, foreigners",None,a person who comes from a foreign country; someone who does not owe allegiance to your country｜來自外國的人；不效忠於你國家的人,The friendly guide helped the foreigner find the station.,welcome foreigners; treat foreigners; every foreigner,A1
Follow,/ˈfɑloʊ/,v.,"follow, follows, followed, followed, following","follower (n.), following (n.)","to travel behind, go after, come after｜跟在後面、走後面、隨後而來",The dog followed its owner down the street.,follow through; follow the rules; follow up,A1
Front,/ˈfɹʌnt/,adj.,"front, no changes","frontal (adj.), frontage (n.)",relating to or located in the front｜與前方相關的或位於前方的,The front door of the house is red.,front door; united front; front panel,A1
Fly,/ˈflaɪ/,v.,"fly, flies, flew, flown, flying","flyer (n.), flying (n.)",to move through the air using wings or in a plane｜使用翅膀或飛機在空中移動,Birds fly in the sky every morning.,fly away; fly high; learn to fly,A1
Fish,/ˈfɪʃ/,n. [U],no changes,"fishy (adj.), fisher (n.), fishery (n.), fishing (n.)",any of various mostly cold-blooded aquatic vertebrates usually having scales and breathing through gills｜各種大多為冷血的淡水脊椎動物，通常有鱗片並用鰓呼吸,We caught three small fish in the lake.,bigger fish; young fish; stocked fish,A1
Foreign,/ˈfɔɹən/,adj.,"foreign, more foreign, most foreign",foreignness (n.),of concern to or concerning the affairs of other nations (other than your own)｜外國的；與外國事務相關的,She is learning a foreign language at school.,foreign policy; foreign countries; foreign aid,A1
Free,/ˈfɹi/,adj.,"free, freer, freest",freeing (n.),costing no money; not needing to be paid for｜免費的；不需付費的,The children can enter the park for free.,for free; a free ticket; free time,A1
From,/ˈfɹʌm/,prep.,no changes,None,"used to show the starting point, origin, or source of something; indicating separation or a difference｜用於表示某物的起點、起源或來源；表示分離或差異",She received a long letter from her old friend.,learn from; came from; from now,A1
Foot,/ˈfʊt/,n.,"foot, feet",footer (n.),the part of the leg of a human being below the ankle joint｜人體踝關節以下的腿部部分,She hurt her left foot while running.,left foot; bare feet; hurt your foot,A1
Fruit,/ˈfɹut/,n.,"fruit, fruits","fruity (adj.), fruitage (n.), fruition (n.), fruitlet (n.), fruiterer (n.)",sweet food that grows on a tree or plant and has seeds inside｜生長在樹上或植物上的甜味食物，內部有種子,I eat fresh fruit every morning.,fresh fruit; eat fruit; fruit juice,A1
Future,/ˈfjutʃɚ/,n.,"future, futures",futurity (n.),the time that will come after now｜將來會來的時間,I want to be a teacher in the future.,in the future; near future; bright future,A1
Fresh,/ˈfɹɛʃ/,adj.,"fresh, fresher, freshest",freshness (n.),"recently made, produced, or harvested｜最近製作、生產或採收的",The bakery sells fresh bread every morning.,fresh air; fresh eyes; fresh produce,A1
Friendly,/ˈfɹɛndli/,adj.,"friendly, friendlier, friendliest","friend (n.), friendliness (n.)",characteristic of or befitting a friend｜具有朋友特質的；友善的,The new teacher is very friendly and kind.,friendly fire; friendly takeover; friendly competition,A1
Friend,/ˈfɹɛnd/,n.,"friend, friends","friendly (adj.), friendship (n.)",a person you know well and regard with affection and trust｜你熟悉並懷有感情和信任的人,My best friend and I walk to school together every day.,best friend; close friend; old friend,A1
Full,/ˈfʊl/,adj.,"full, fuller, fullest","fuller (n.), fullness (n.)",containing as much or as many as is possible or normal｜盡可能多或正常數量的,"In one life, he goes through the full journey.",full spectrum; full picture; full journey,A1
Forget,/fɚˈɡɛt/,v.,"forget, forgets, forgot, forgotten, forgetting",None,to not remember something｜不記得某事,I always forget my friend's birthday.,forget about; never forget; easy to forget,A1
Game,/ˈɡeɪm/,n.,"game, games","gamey (adj.), gameness (n.)",a contest with rules to determine a winner｜有規則決定贏家的競賽,The children played a fun game in the park after school.,whole game; game developers; game company,A1
Frog,/ˈfɹɑɡ/,n.,"frog, frogs",None,a small green animal that can jump and lives near water｜一種能跳躍的小型綠色動物，生活在水邊,A green frog jumped into the pond.,a green frog; a little frog; catch a frog,A1
Garden,/ˈɡɑɹdən/,n.,"garden, gardens","gardener (n.), gardening (n.)",a plot of ground where plants are cultivated｜種植植物的一塊土地,My mother grows vegetables in the garden every summer.,a flower garden; a vegetable garden; water the garden,A1
Fool,/ˈful/,n.,"fool, fools",foolery (n.),a person who lacks good judgment｜缺乏良好判斷力的人,Only a fool would go out in such bad weather.,fool around; make a fool; village fool,A1
Good,/ˈɡʊd/,adj.,"good, better, best",goodness (n.),having desirable or positive qualities especially those suitable for a thing specified｜具有令人滿意的特質，尤其適合特定事物,This is a good place to stop for lunch.,good way; good example; good time,A1
Get,/ˈɡɛt/,v.,"get, gets, got, gotten, getting",getting (n.),come into the possession of something concrete or abstract｜獲得具體或抽象的事物,She hopes to get a new bicycle for her birthday.,get a gift; get permission; get a job,A1
Gate,/ˈɡeɪt/,n.,"gate, gates",None,a movable barrier in a fence or wall｜籬笆或牆壁上的可移動障礙物,There's an entrance there in the gate.,open the gate; school gate; sensory gate,A1
Ghost,/ˈɡoʊst/,n.,"ghost, ghosts",ghostly (adj.),a mental representation of some haunting experience｜對某種困擾經歷的心理表徵,The children told a scary ghost story.,ghost story; see a ghost; scary ghost,A1
Fork,/ˈfɔɹk/,n.,"fork, forks",forking (n.),cutlery used for serving and eating food｜用於上菜和進食的餐具,She ate her cake with a small fork.,knife and fork; use a fork; dinner fork,A1
Glasses,/ˈɡlæsəz/,n.,"glasses, no changes",None,two glass lenses in a frame that you wear to see better｜框架中裝有兩片鏡片，用於改善視力的物品,She wears glasses to read books.,wear glasses; new glasses; reading glasses,A1
Funny,/ˈfʌni/,adj.,"funny, funnier, funniest","fun (n.), funniness (n.)",arousing or provoking laughter｜引人發笑的；滑稽的,She said it'd be funny to watch you grill.,funny way; funny thing happened; pretty funny,A1
Fun,/ˈfʌn/,n. [U],no changes,funny (adj.),a feeling of enjoyment or a good time｜快樂的感覺；愉快的時光,We had a lot of fun at the party.,lots of fun; so much fun; good clean fun,A1
Girl,/ˈɡɝl/,n.,"girl, girls",girlhood (n.),a young woman｜年輕女性；女孩,The little girl smiled and waved at me.,young girl; little girl; poor girl,A1
Gift,/ˈɡɪft/,n.,"gift, gifts",None,something acquired without compensation｜不需付費即可獲得的東西；禮物,He gave his mother a nice gift.,greatest gift; wonderful gift; gift giving,A1
Goddess,/ˈɡɑdəs/,n.,"goddess, goddesses",None,a female deity｜女性神祇,The ancient temple was built to honor a goddess of the sea.,fertility goddess; mother goddess; war goddess,A1
Go,/ˈɡoʊ/,v.,"go, goes, went, gone, going",None,to move from one place to another｜從一處移動到另一處,Every morning I go to school by bus.,go home; go to work; go away,A1
Glass,/ˈɡlæs/,n. [U],no changes,glassy (adj.),a brittle transparent solid with irregular atomic structure｜一種易碎的透明固體，具有不規則的原子結構,The broken glass on the floor was dangerous.,broken glass; drinking glass; glass of water,A1
Give,/ˈɡɪv/,v.,"give, gives, gave, given, giving",giver (n.),to hand something to someone so they can have it｜將東西遞給某人使其擁有,Please give me your phone number.,give a gift; give money; give help,A1
Giant,/ˈdʒaɪənt/,adj.,"giant, more giant, most giant",None,of great mass; huge and bulky｜巨大的；龐大而笨重的,A giant wave struck the side of the boat.,giant animal; giant wave; giant building,A1
Grade,/ˈɡɹeɪd/,n.,"grade, grades","grader (n.), grading (n.), gradual (adj.), gradation (n.)",a body of students who are taught together｜同時接受教導的一群學生,"I was in second grade, I think.",first grade; second grade; third grade,A1
Group,/ˈɡɹup/,n.,"group, groups",grouping (n.),any number of entities (members) considered as a unit｜被視為一個單位的任何數量的實體（成員）,A group of students sat together at the lunch table.,terrorist group; small group; little group,A1
Great,/ˈɡɹeɪt/,adj.,"great, greater, greatest",greatness (n.),large in size or importance; excellent or very good｜規模大的或重要的；優秀的或很好的,It's a great symbol of that trade.,great idea; great job; great success,A1
Hair,/ˈhɛɹ/,n. [U],no changes,hairy (adj.),the soft threads that grow on your head｜生長在頭上的柔軟細絲,My sister has long brown hair.,long hair; brush hair; wash hair,A1
Glove,/ˈɡlʌv/,n.,"glove, gloves",None,"a covering worn on the hand for protection, warmth, or sport｜戴在手上用於保護、保暖或運動的覆蓋物","The car is off, she's not wearing gloves.",boxing gloves; rubber gloves; wear gloves,A1
Grass,/ˈɡɹæs/,n. [U],no changes,grassy (adj.),a common green plant with thin leaves that covers the ground outdoors｜一種常見的綠色植物，葉子細長，覆蓋戶外地面,The happy children played on the soft green grass.,grass pitch; green grass; growing grass,A1
Gray,/ˈɡɹeɪ/,adj.,"gray, grayer, grayest",grayness (n.),of an achromatic color of any lightness intermediate between the extremes of white and black｜一種非彩色的顏色，介於白色和黑色的極限之間的任何亮度,I don't wear that gray skirt very much.,gray area; gray hair; light gray,A1
Glad,/ˈɡlæd/,adj.,"glad, gladder, gladdest",gladness (n.),showing or causing joy and pleasure; especially made happy｜表現出或帶來歡樂和愉悅的；特別是高興的,I'm really glad I did this experiment.,glad to hear; glad to see; so glad,A1
Grandfather,/ˈɡɹænˌdfɑðɚ/,n.,"grandfather, grandfathers",None,the father of your father or mother｜父親或母親的父親,My grandfather taught me how to grow vegetables.,paternal grandfather; my grandfather; grandfather clock,A1
Ground,/ˈɡɹaʊnd/,n. [U],no changes,"grounder (n.), grounding (n.)",the solid part of the earth's surface｜地球表面的固體部分,The yellow leaves fell to the ground in autumn.,ground floor; on the ground; common ground,A1
Hand,/ˈhænd/,n.,"hand, hands",None,the (prehensile) extremity of the superior limb｜上肢的可握持末端,She raised her hand to ask a question.,right hand; raise a hand; hold hands,A1
Goodbye,/ˌɡʊˈdbaɪ/,n.,"goodbye, goodbyes",None,a word you say when you leave someone｜離開時說的話,She said goodbye and left the room.,say goodbye; wave goodbye; final goodbye,A1
Guitar,/ɡɪˈtɑɹ/,n.,"guitar, guitars",guitarist (n.),a stringed instrument usually having six strings; played by strumming or plucking｜通常有六根弦的絃樂器；透過彈撥演奏,He is learning to play the guitar after school.,play guitar; electric guitar; acoustic guitar,A1
Grandmother,/ˈɡɹænˌdmʌðɚ/,n.,"grandmother, grandmothers",None,the mother of your father or mother｜父親或母親的母親,My grandmother makes the best soup in the whole family.,my grandmother; paternal grandmother; visit grandmother,A1
Grow,/ˈɡɹoʊ/,v.,"grow, grows, grew, grown, growing","grower (n.), growth (n.), growing (n.)",to get bigger over time; to increase in size or number｜隨時間變大；在大小或數量上增加,These young trees grow quickly in warm weather.,grow up; grow out; grow faster,A1
Half,/ˈhæf/,n.,"half, halves",None,one of two equal parts of something｜某物的兩個等份之一,She cut the apple in half and gave me a piece.,the first half; cut in half; the other half,A1
Green,/ˈɡɹin/,adj.,"green, greener, greenest",greenery (n.),of the color between blue and yellow in the color spectrum; similar to the color of fresh grass｜光譜中介於藍色和黃色之間的顏色；類似新鮮草的顏色,The leaves turned bright green in spring.,green hills; dark green; big green,A1
Happy,/ˈhæpi/,adj.,"happy, happier, happiest",happiness (n.),enjoying or showing or marked by joy or pleasure｜感到或表現出快樂或愉悅,The kids were happy to see the snow.,perfectly happy; happy moments; truly happy,A1
Helpful,/ˈhɛlpfəl/,adj.,"helpful, more helpful, most helpful",helpfulness (n.),providing assistance or serving a useful function｜提供協助或起到有用的作用,The hotel staff were very helpful and friendly.,very helpful; extremely helpful; a helpful tip,A1
Ham,/ˈhæm/,n.,"ham, hams","hammy (adj.), hamming (n.)",meat from the leg of a pig that has been dried or smoked｜從豬腿製成的肉，經過乾燥或煙燻處理,I made a sandwich with ham and cheese.,ham sandwich; ham and eggs; smoked ham,A1
Happen,/ˈhæpən/,v.,"happen, happens, happened, happened, happening",happening (n.),come to pass｜發生,Strange things happen when it rains a lot.,things happen; happen again; it can happen,A1
Guy,/ˈɡaɪ/,n.,"guy, guys",None,an informal term for a youth or man｜對年輕人或男子的非正式稱呼,He is a friendly guy who always helps others.,a good guy; bad guy; tough guy,A1
Health,/ˈhɛlθ/,n. [U],no changes,healthy (adj.),a healthy state of wellbeing free from disease｜沒有疾病的身體健康狀態,Regular exercise is very good for your health.,mental health; health outcomes; health benefits,A1
Have,/ˈhæv/,aux./v.,"have, has, had, had, having",None,"to own, possess, or hold something; used with a past participle to form perfect tenses; to experience something｜擁有、持有某物；與過去分詞連用構成完成時態；經歷某事",I have two small dogs at home.,have no idea; have time; have a look,A1
Guess,/ˈɡɛs/,v.,"guess, guesses, guessed, guessed, guessing","guesser (n.), guessing (n.)","expect, believe, or suppose｜預料、相信或猜想",I guess there has to be an episode two.,guess the answer; guess correctly; try to guess,A1
Help,/ˈhɛlp/,n. [U],no changes,"helper (n.), helping (n.)",the act of making something easier for someone｜使某事對某人變得更容易的行為,Thank you for your help with my homework.,ask for help; need help; a lot of help,A1
Heat,/ˈhit/,n. [U],no changes,"heater (n.), heating (n.), heatable (adj.)",a form of energy that is transferred by a difference in temperature｜由溫度差異傳遞的能量形式,The heat from the open fire kept us all warm.,heat wave; intense heat; body heat,A1
Hard,/ˈhɑɹd/,adj.,"hard, harder, hardest",hardness (n.),not easy; requiring great physical or mental effort to accomplish or comprehend or endure｜不容易；需要極大的體力或腦力來完成、理解或忍受,It's much harder than I thought it was.,hard problems; fight hard; worked hard,A1
Habit,/ˈhæbət/,n.,"habit, habits","habitual (adj.), habituate (v.)",an established custom｜一個既定的習俗,Eating too much sugar can become a bad habit.,a good habit; a bad habit; daily habit,A1
Hang,/ˈhæŋ/,v.,"hang, hangs, hung, hung, hanging","hanger (n.), hanging (n.)",be suspended or hanging｜被懸掛或垂吊,They hang the wet clothes outside to dry.,hang a picture; hang from a hook; hang on the wall,A1
Head,/ˈhɛd/,n.,"head, heads","heady (adj.), header (n.), heading (n.), headship (n.)",the upper part of the human body or the front part of the body in animals; contains the face and brains｜人體的上部或動物的身體前部；包含臉和腦,He wore a warm hat on his head.,bald head; shake your head; the top of your head,A1
Hate,/ˈheɪt/,n. [U],no changes,hater (n.),a very strong feeling of not liking someone or something｜非常不喜歡某人或某事物的強烈情感,His face was full of anger and hate.,full of hate; feel hate; deep hate,A1
Hat,/ˈhæt/,n.,"hat, hats",hatter (n.),headdress that protects the head from bad weather; has shaped crown and usually a brim｜保護頭部免受惡劣天氣侵害的帽子；有成形的帽冠和通常有帽簷,He wore a warm hat in the snow.,wear a hat; straw hat; cowboy hat,A1
Heart,/ˈhɑɹt/,n.,"heart, hearts",hearty (adj.),the organ in your chest that pumps blood around your body; your feelings and emotions｜胸腔中將血液泵送到全身的器官；情感和情緒,She has a warm heart and is always ready to help.,big heart; by heart; broken heart,A1
Hear,/ˈhiɹ/,v.,"hear, hears, heard, heard, hearing","hearer (n.), hearing (n.), hearable (adj.)",to notice or know a sound with your ears.｜用耳朵聽到或察覺聲音,I can hear the rain falling on the roof tonight.,hear a sound; hear music; hear the news,A1
Headache,/ˈhɛˌdeɪk/,n.,"headache, headaches",None,a pain in the head; a difficult problem or source of worry｜頭部的疼痛；難題或令人擔憂的原因,She developed a severe headache after the long journey.,have a headache; severe headache; headache relief,A1
Height,/ˈhaɪt/,n. [U],no changes,None,the vertical dimension of extension; distance from the base of something to the top｜垂直方向的延伸；從物體底部到頂部的距離,The nurse checked my height and weight.,height and weight; full height; gain height,A1
High,/ˈhaɪ/,adj.,"high, higher, highest",highness (n.),going up a long way from the ground; tall.｜距離地面很高的；高的,The bird flew over the high wall and the trees.,high wall; high mountain; high price,A1
Heavy,/ˈhɛvi/,adj.,"heavy, heavier, heaviest",heaviness (n.),weighing a lot and hard to lift or move.｜很重且難以抬起或移動,This box is too heavy for me to lift alone.,heavy box; heavy bag; heavy rain,A1
Healthy,/ˈhɛlθi/,adj.,"healthy, healthier, healthiest","health (n.), healthiness (n.)",strong and not sick; good for your body｜強壯且不生病；對身體有益,Eating vegetables keeps you healthy.,healthy food; stay healthy; healthy diet,A1
Here,/ˈhiɹ/,adv.,"here, no changes",None,in or at this place; where the speaker or writer is｜在這個地方；說話者或作者所在的位置,Please put your bag here by the door.,come here; settle here; came here,A1
Hide,/ˈhaɪd/,v.,"hide, hides, hid, hidden, hiding",None,to put something where people cannot see or find it.｜把某物放在人們看不見或找不到的地方,The children like to hide behind the big tree.,hide the keys; hide behind; hide a gift,A1
Hen,/ˈhɛn/,n.,"hen, hens",None,adult female chicken｜成年的雌性雞,The hen laid an egg in the morning.,a mother hen; hen house; lay an egg,A1
Hold,/ˈhoʊld/,v.,"hold, holds, held, held, holding","holder (n.), holding (n.)",to keep something or someone in a particular place or position｜將某物或某人保持在特定的地方或位置,We can't hold it for more than that.,hold on; hold back; hold power,A1
Hit,/ˈhɪt/,v.,"hit, hits, hit, hit, hitting","hitter (n.), hitting (n.)",to touch someone or something with force using your hand or an object｜用手或物體用力觸碰某人或某物,The boy hit the ball with his bat.,hit the ball; hit hard; hit a target,A1
Hello,/həˈloʊ/,n.,"hello, hellos",None,an expression of greeting｜問候的用語,She gave me a warm hello at the door.,say hello; simple hello; warm hello,A1
Holiday,/ˈhɑləˌdeɪ/,n.,"holiday, holidays",None,leisure time away from work devoted to rest or pleasure｜遠離工作的休閒時間，用於休息或娛樂,We go to the beach every summer holiday.,summer holiday; on holiday; winter holiday,A1
History,/ˈhɪstɚi/,n. [U],no changes,"historic (adj.), historical (adj.)",all the things that happened in the past｜過去發生的所有事情,We learn about history at school every week.,study history; history class; world history,A1
Hope,/ˈhoʊp/,n. [U],no changes,hoper (n.),a feeling that something good will happen in the future｜期待好事會發生的感覺,She has hope that things will get better soon.,full of hope; have hope; give hope,A1
Home,/ˈhoʊm/,n.,"home, homes","homey (adj.), homely (adj.)",where you live at a particular time｜某人在特定時間居住的地方,She walked home from school with her little brother.,come home; at home; home building,A1
Honey,/ˈhʌni/,n. [U],no changes,None,a sweet yellow liquid produced by bees｜蜜蜂產生的甜味黃色液體,I like honey on my warm toast.,wild honey; honey bee; raw honey,A1
Hill,/ˈhɪl/,n.,"hill, hills",hilly (adj.),a local and well-defined elevation of the land｜當地明確定義的土地高地,The children ran down the grassy hill.,up the hill; over the hill; a steep hill,A1
Hobby,/ˈhɑbi/,n.,"hobby, hobbies",hobbyist (n.),an auxiliary activity｜輔助活動,Fashion is arguably a hobby of mine.,great hobby; hobby projects; new hobby,A1
Hour,/ˈaʊɚ/,n.,"hour, hours",hourly (adj.),a period of time equal to 1/24th of a day｜一天的1/24時間段,We could talk about this for hours.,hour away; an hour later; two hours,A1
Hundred,/ˈhʌndɹəd/,n.,"hundred, hundreds",None,the number 100.｜數字100,There are about one hundred people at the party.,one hundred; a hundred years; hundreds of people,A1
Hospital,/ˈhɑˌspɪtəl/,n.,"hospital, hospitals",hospitalize (v.),a place where sick people go to get help from doctors.｜病人去看醫生獲得幫助的地方,My mother works at the hospital near our home.,go to hospital; in the hospital; leave the hospital,A1
Horse,/ˈhɔɹs/,n.,"horse, horses",None,a large animal with four legs that people ride or use to pull heavy things｜有四條腿的大型動物，人們騎乘或用來拉重物,Or ride a horse and look at nature.,ride a horse; dark horse; horse riding,A1
House,/ˈhaʊs/,n.,"house, houses",housing (n.),a dwelling that serves as living quarters for one or more families｜作為一個或多個家庭居住的住宅,They bought a small house near the park.,in the house; full house; entire house,A1
However,/ˌhaʊˈɛvɚ/,adv.,no changes,None,used to show a contrast or change of direction after what was just said｜用於表示與之前所說內容的對比或轉折,"It was cold; however, we still went out.",however some people; however possible; however difficult,A1
Hot,/ˈhɑt/,adj.,"hot, hotter, hottest",hotness (n.),having a high temperature; feeling or producing heat｜溫度高；感覺或產生熱,You've been in a hot air balloon.,hot weather; hot days; very hot,A1
How,/ˈhaʊ/,adv.,"how, no changes",None,To what degree or extent.｜到什麼程度或範圍,Can you show me how to open this bottle?,know how; how long; matter how,A1
Husband,/ˈhʌzbənd/,n.,"husband, husbands",husbandly (adj.),a married man; a woman's partner in marriage｜已婚男子；女子的婚姻伴侶,Her husband cooks dinner every Friday.,her husband; good husband; second husband,A1
Ice,/ˈaɪs/,n. [U],no changes,None,water frozen in the solid state｜固態的水,She put some ice in her tall glass of water.,ice cream; ice cubes; on ice,A1
Homework,/ˈhoʊˌmwɝk/,n. [U],no changes,None,school work that a teacher gives students to do at home｜老師給學生在家做的學校作業,I'm going to use that for my homework.,do homework; math homework; homework assignment,A1
Hotel,/hoʊˈtɛl/,n.,"hotel, hotels",None,a building where travelers can pay for lodging and meals and other services｜旅客可以付費住宿、用餐和獲得其他服務的建築物,We stayed in a nice hotel near the beach last summer.,hotel room; five star hotel; at the hotel,A1
If,/ˈɪf/,conj.,no changes,None,used to say one thing will happen only when another happens; whether; on the condition that something is true｜用於表示某事只在另一件事發生時才會發生；是否；在某事為真的條件下,"If you do a bad thing, you'll be punished.",know if; if everything; maybe if,A1
Important,/ɪˈmpɔɹtənt/,adj.,"important, more important, most important",importance (n.),having a lot of value or meaning to people.｜對人們有很大價值或意義,It is important to drink water every day.,important day; important thing; very important,A1
Inch,/ˈɪntʃ/,n.,"inch, inches",None,a unit of length equal to one twelfth of a foot｜長度單位，等於一英尺的1/12,The small insect is about three inches long.,an inch; every inch; inch thick,A1
Honest,/ˈɑnəst/,adj.,"honest, more honest, most honest",honestness (n.),always telling the truth and not lying.｜總是說實話，不撒謊,My friend is honest and always tells me the truth.,honest person; honest answer; honest mistake,A1
Hurt,/ˈhɝt/,v.,"hurt, hurts, hurt, hurt, hurting",hurting (n.),"to feel pain, or to cause pain to someone｜感到疼痛，或使某人疼痛",My leg hurts after the long walk.,hurt yourself; hurt my back; really hurt,A1
Hungry,/ˈhʌŋɡɹi/,adj.,"hungry, hungrier, hungriest","hunger (n.), hungriness (n.)",wanting or needing to eat food.｜想吃東西的；飢餓的,"I am very hungry, so let us eat lunch now.",very hungry; feel hungry; get hungry,A1
Into,/ɪˈntu/,prep.,no changes,None,moving to a position inside or within something; indicating a change of state; deeply engaged with something｜進入...內部；變成；專注於,She slowly poured the milk into a tall glass.,walk into; run into; go into,A1
In,/ɪn/,prep.,no changes,None,at a position inside or within something; happening at a particular time; included as part of a group｜在...裡面；在...時；屬於,The house keys are in the top kitchen drawer.,in time; in order; in fact,A1
Interest,/ˈɪntɹəst/,n. [U],no changes,None,a sense of concern with and curiosity about someone or something｜興趣；關注,They have no interest in engaging with it.,vested interest; public interest; best interest,A1
Idea,/aɪˈdiə/,n.,"idea, ideas","ideal (adj.), ideate (v.)",the content of cognition; the main thing you are thinking about｜想法；念頭；主意,I had no idea what I was doing.,good idea; whole idea; second idea,A1
Inside,/ɪˈnsaɪd/,prep.,no changes,None,in or into the inner part or area of something; the inner side or surface; situated within a building or place｜在...內部；裡面；內部,We stayed inside the house during the heavy storm.,inside out; went inside; sits inside,A1
Interesting,/ˈɪntɹəstɪŋ/,adj.,"interesting, more interesting, most interesting",interestingness (n.),arousing or holding the attention｜有趣的；引人注意的,The book about animals was very interesting.,pretty interesting; interesting stuff; quite interesting,A1
Housewife,/ˈhaʊˌswaɪf/,n.,"housewife, housewives",housewifely (adj.),a wife who manages a household while her husband earns the family income｜家庭主婦,She is a busy housewife with three children.,busy housewife; stay-at-home housewife; full-time housewife,A1
Interview,/ˈɪntɚˌvju/,n.,"interview, interviews","interviewee (n.), interviewer (n.)",the questioning of a person (or a conversation in which information is elicited); often conducted by journalists｜採訪；面談,I asked him in the first interview about this.,job interview; long interview; interview questions,A1
Insect,/ˈɪˌnsɛkt/,n.,"insect, insects",insectan (adj.),small air-breathing arthropod｜昆蟲,A small insect landed on my arm.,insect bites; eat insects; flying insects,A1
Interested,/ˈɪntɹəstəd/,adj.,"interested, more interested, most interested",interestedness (n.),wanting to know more about something you like.｜感興趣的,She is interested in music and plays the piano.,interested in; very interested; interested student,A1
Island,/ˈaɪlənd/,n.,"island, islands",islander (n.),a land mass (smaller than a continent) that is surrounded by water｜島嶼,They sailed to a small island in the middle of the lake.,easter island; cayman island; long island,A1
Job,/ˈdʒɑb/,n.,"job, jobs",None,the work that you do to earn money｜工作；職業,My brother has a new job at the bank.,a good job; find a job; a new job,A1
Joy,/ˈdʒɔɪ/,n. [U],no changes,joyous (adj.),the emotion of great happiness｜喜悅；快樂,It brought all the joy of game making.,pure joy; great joy; tears of joy,A1
Kind,/ˈkaɪnd/,adj.,"kind, kinder, kindest",kindness (n.),having a friendly and generous nature; caring about other people｜友善的；善良的,"She is always kind to everyone, even strangers.",super kind; become kind; kind soul,A1
Invite,/ɪˈnvaɪt/,v.,"invite, invites, invited, invited, inviting","invitee (n.), invitation (n.), invitatory (adj.)",to ask someone to come to an event or place｜邀請,He wants to invite us for a cup of tea.,invite a friend; send an invite; invite everyone,A1
Item,/ˈaɪtəm/,n.,"item, items","itemise (v.), itemize (v.)",a distinct part that can be specified separately in a group of things that could be enumerated on a list｜項目；物品,This is a set of infinite items.,next item; bucket list item; actionable item,A1
Join,/ˈdʒɔɪn/,v.,"join, joins, joined, joined, joining","joiner (n.), joining (n.), jointure (n.)",to become a member of a group or club｜加入；參加,I want to join the school music club this year.,join a club; join a team; join the group,A1
Jacket,/ˈdʒækət/,n.,"jacket, jackets",None,a short coat that you wear over your other clothes｜短外套；夾克,She put on a warm jacket before going outside.,a leather jacket; wear a jacket; a winter jacket,A1
Itself,/ɪˈtsɛlf/,pron.,no changes,None,it; A thing as the object of a verb or preposition that also appears as the subject｜它自己；本身,The little cat washed itself by the door.,by itself; in itself; the thing itself,A1
Keep,/ˈkip/,v.,"keep, keeps, kept, kept, keeping","keeper (n.), keeping (n.)","to continue doing something, or to make something stay in a particular state｜持續做某事，或使某物保持在某種狀態",Please keep the door closed while we work.,keep house; keep silence; keep going,A1
Joke,/ˈdʒoʊk/,n.,"joke, jokes","joker (n.), jokester (n.)",something you say to make people laugh｜用來使人發笑的話,He told a funny joke and we all laughed.,a funny joke; tell a joke; a good joke,A1
Juice,/ˈdʒus/,n. [U],no changes,juicy (adj.),the liquid part that can be extracted from plant or animal tissue by squeezing or cooking｜可以透過擠壓或烹煮從植物或動物組織中提取的液體,I'm going to add some lemon juice.,orange juice; fruit juice; lemon juice,A1
King,/ˈkɪŋ/,n.,"king, kings","kingly (adj.), kingdom (n.), kingship (n.)",a male sovereign; ruler of a kingdom｜男性君主；王國的統治者,The king lived in a very big castle.,first king; french king; sea king,A1
Just,/ˈdʒʌst/,adv.,"just, no changes",justness (n.),and nothing more｜僅僅；只是,I just wanted to say hello to my friend.,just now; just in case; just once,A1
Key,/ˈki/,adj.,no changes,None,serving as an essential component｜作為必要組成部分的,Clear communication is a key part of teamwork.,key decisions; real key; key variables,A1
Jeans,/ˈdʒinz/,n.,"jeans, no changes",None,trousers made from a strong blue cotton cloth called denim｜用稱為牛仔布的堅固藍色棉布製成的褲子,You get the perfect pair of jeans.,blue jeans; a pair of jeans; old jeans,A1
Jump,/ˈdʒʌmp/,v.,"jump, jumps, jumped, jumped, jumping","jumpy (adj.), jumping (n.)",move forward by leaps and bounds｜透過跳躍向前移動,The children love to jump on the bed.,jump back; jump onto; jump ahead,A1
Kill,/ˈkɪl/,v.,"kill, kills, killed, killed, killing","killer (n.), killing (n.), killable (adj.)","cause to die; put to death, usually intentionally or knowingly｜導致死亡；通常故意或明知地處死",Too much sun can kill a small plant.,kill off; kill time; kill insects,A1
Knife,/ˈnaɪf/,n.,"knife, knives",None,a sharp tool that you use to cut food｜用來切食物的鋒利工具,He used a sharp knife to cut the bread.,a sharp knife; a kitchen knife; cut with a knife,A1
Kid,/ˈkɪd/,n.,"kid, kids",None,a young person of either sex｜任何性別的年輕人,Every kid in the class got a prize on the last day of school.,little kid; a young kid; a small kid,A1
Kite,/ˈkaɪt/,n.,"kite, kites",None,a light toy that flies in the air on a long string｜透過長線在空中飛翔的輕巧玩具,The children flew a red kite in the park.,fly a kite; a paper kite; a colorful kite,A1
Knowledge,/ˈnɑlədʒ/,n. [U],no changes,None,the psychological result of perception and learning and reasoning｜感知、學習和推理的心理結果,His wide knowledge of history impressed the teacher.,knowledge base; background knowledge; share knowledge,A1
Kitchen,/ˈkɪtʃən/,n.,"kitchen, kitchens",None,the room where you cook and prepare food｜烹飪和準備食物的房間,My mother is cooking dinner in the kitchen.,a clean kitchen; in the kitchen; a small kitchen,A1
Kiss,/ˈkɪs/,n.,"kiss, kisses","kisser (n.), kissing (n.)",a touch with your lips to show love｜用嘴唇接觸以表達愛意,She gave her baby a soft kiss on the cheek.,a goodnight kiss; give a kiss; a soft kiss,A1
Kick,/ˈkɪk/,v.,"kick, kicks, kicked, kicked, kicking","kicker (n.), kicking (n.)",drive or propel with the foot｜用腳推動或踢,The player kicked the ball into the goal.,kick the ball; kick hard; kick with your foot,A1
Knee,/ˈni/,n.,"knee, knees",None,the joint in the middle of the leg where the upper and lower parts of the leg bend｜腿中間的關節，上下半部腿在此彎曲,"I'd say, I know your son has a bad knee.",knee surgery; knee pads; bad knee,A1
Land,/ˈlænd/,n. [U],no changes,"lander (n.), landing (n.)",the land on which real estate is located｜不動產所在的土地,The farmer grows corn on his land.,land here; land armies; land concessions,A1
Least,/ˈlist/,adv.,no changes,None,the smallest amount or degree｜最小的量或程度,This is the least expensive bag in the shop.,at least; the least; least likely,A1
Large,/ˈlɑɹdʒ/,adj.,"large, larger, largest",largeness (n.),big in size or amount｜在大小或數量上大的,They live in a large house near the park.,a large house; large amount; large family,A1
Knock,/ˈnɑk/,v.,"knock, knocks, knocked, knocked, knocking","knocker (n.), knocking (n.)",deliver a sharp blow or push :｜給予尖銳的打擊或推,She knocked on the door and waited for an answer.,knock on; knock out; knock down,A1
Know,/ˈnoʊ/,v.,"know, knows, knew, known, knowing","knower (n.), knowing (n.), knowable (adj.)",be cognizant or aware of a fact or a specific piece of information; possess knowledge or information about｜知道或意識到事實或特定資訊；擁有關於...的知識或資訊,"Whether they need it or not, I know.",know exactly; never know; want to know,A1
Lamp,/ˈlæmp/,n.,"lamp, lamps",None,a thing that gives light in a room｜房間裡提供照明的東西,She turned on the lamp to read her book.,a table lamp; turn on the lamp; a bright lamp,A1
Later,/ˈleɪtɚ/,adv.,no changes,None,happening at a time subsequent to a reference time｜在參考時間之後發生的,I will call you later this evening.,a bit later; weeks later; a year later,A1
Last,/ˈlæst/,n. [U],no changes,None,coming after all the others; the final one｜在所有其他之後的最後一個,He was the last to leave the room today.,the last one; last week; last time,A1
